id,customerId
1,655
2,725
3,3
4,403
5,112
6,177
7,307
8,881
9,994
10,533
11,786
12,835
13,860
14,752
15,261
16,498
17,505
18,641
19,443
20,993
21,176
22,734
23,66
24,693
25,727
26,822
27,847
28,956
29,425
30,861
31,437
32,746
33,273
34,439
35,332
36,567
37,677
38,358
39,493
40,354
41,810
42,103
43,1
44,637
45,630
46,881
47,544
48,836
49,650
50,66
51,644
52,840
53,188
54,259
55,239
56,217
57,365
58,535
59,520
60,371
61,935
62,373
63,792
64,538
65,811
66,758
67,836
68,630
69,259
70,769
71,457
72,798
73,716
74,339
75,440
76,634
77,942
78,813
79,157
80,571
81,944
82,994
83,686
84,830
85,270
86,660
87,362
88,46
89,199
90,564
91,962
92,753
93,593
94,677
95,803
96,772
97,565
98,581
99,682
100,283
101,695
102,826
103,774
104,703
105,867
106,241
107,388
108,865
109,428
110,85
111,10
112,602
113,582
114,953
115,527
116,648
117,390
118,887
119,138
120,153
121,931
122,659
123,868
124,599
125,466
126,581
127,591
128,343
129,685
130,424
131,636
132,214
133,127
134,914
135,888
136,722
137,423
138,348
139,302
140,540
141,462
142,379
143,275
144,463
145,532
146,749
147,143
148,435
149,938
150,785
151,668
152,79
153,415
154,275
155,219
156,247
157,93
158,395
159,527
160,269
161,575
162,616
163,28
164,771
165,259
166,184
167,364
168,34
169,117
170,961
171,867
172,100
173,259
174,82
175,783
176,333
177,400
178,745
179,708
180,444
181,901
182,635
183,944
184,169
185,914
186,509
187,988
188,648
189,926
190,111
191,967
192,1000
193,588
194,88
195,131
196,893
197,893
198,609
199,424
200,449
201,391
202,702
203,402
204,172
205,931
206,108
207,328
208,610
209,789
210,207
211,982
212,193
213,814
214,904
215,370
216,439
217,356
218,858
219,669
220,242
221,364
222,798
223,152
224,385
225,616
226,986
227,139
228,693
229,959
230,292
231,16
232,295
233,577
234,228
235,329
236,86
237,714
238,802
239,183
240,308
241,280
242,11
243,744
244,375
245,620
246,401
247,696
248,608
249,861
250,373
251,444
252,128
253,622
254,563
255,393
256,451
257,875
258,475
259,595
260,220
261,657
262,839
263,241
264,130
265,941
266,29
267,916
268,427
269,904
270,304
271,390
272,130
273,152
274,309
275,444
276,263
277,310
278,884
279,69
280,483
281,740
282,965
283,279
284,328
285,779
286,241
287,105
288,797
289,400
290,886
291,824
292,680
293,965
294,333
295,925
296,839
297,225
298,428
299,401
300,375
301,74
302,624
303,773
304,622
305,328
306,872
307,482
308,308
309,453
310,166
311,826
312,944
313,514
314,320
315,449
316,874
317,137
318,641
319,968
320,765
321,531
322,316
323,652
324,791
325,715
326,676
327,507
328,232
329,890
330,246
331,478
332,219
333,192
334,182
335,716
336,52
337,24
338,181
339,477
340,935
341,115
342,782
343,536
344,398
345,419
346,51
347,211
348,739
349,972
350,860
351,362
352,842
353,883
354,80
355,518
356,256
357,988
358,485
359,827
360,242
361,582
362,878
363,798
364,751
365,66
366,735
367,780
368,325
369,548
370,405
371,359
372,583
373,517
374,106
375,349
376,555
377,959
378,736
379,768
380,725
381,834
382,414
383,478
384,563
385,589
386,969
387,110
388,397
389,955
390,13
391,436
392,495
393,999
394,499
395,229
396,608
397,602
398,202
399,419
400,916
401,906
402,826
403,908
404,288
405,816
406,568
407,753
408,499
409,278
410,871
411,121
412,291
413,689
414,460
415,490
416,657
417,758
418,692
419,935
420,56
421,693
422,757
423,811
424,917
425,524
426,174
427,257
428,744
429,40
430,669
431,24
432,997
433,265
434,437
435,940
436,151
437,950
438,237
439,293
440,998
441,691
442,878
443,267
444,744
445,899
446,70
447,585
448,914
449,406
450,287
451,300
452,303
453,139
454,16
455,769
456,770
457,21
458,270
459,974
460,821
461,218
462,748
463,783
464,928
465,548
466,173
467,855
468,350
469,499
470,190
471,687
472,728
473,480
474,52
475,683
476,990
477,459
478,941
479,805
480,700
481,28
482,856
483,900
484,637
485,965
486,344
487,748
488,487
489,260
490,660
491,919
492,472
493,549
494,957
495,643
496,352
497,227
498,202
499,461
500,394
501,801
502,725
503,926
504,944
505,286
506,626
507,357
508,834
509,343
510,54
511,796
512,430
513,742
514,708
515,414
516,881
517,446
518,540
519,12
520,76
521,836
522,233
523,852
524,628
525,919
526,769
527,685
528,925
529,471
530,314
531,366
532,967
533,661
534,91
535,19
536,256
537,103
538,693
539,330
540,283
541,301
542,193
543,781
544,984
545,75
546,368
547,862
548,668
549,149
550,344
551,778
552,288
553,300
554,651
555,335
556,992
557,895
558,937
559,190
560,642
561,551
562,95
563,609
564,935
565,59
566,55
567,413
568,367
569,239
570,755
571,36
572,514
573,607
574,869
575,800
576,765
577,921
578,490
579,561
580,145
581,74
582,555
583,449
584,550
585,806
586,263
587,426
588,358
589,877
590,820
591,316
592,355
593,79
594,573
595,277
596,946
597,882
598,160
599,350
600,396
601,42
602,55
603,584
604,235
605,133
606,746
607,582
608,963
609,394
610,393
611,917
612,313
613,588
614,524
615,768
616,316
617,511
618,685
619,383
620,403
621,136
622,397
623,997
624,259
625,807
626,500
627,733
628,699
629,49
630,878
631,76
632,428
633,863
634,353
635,392
636,829
637,327
638,970
639,163
640,899
641,722
642,315
643,403
644,261
645,467
646,51
647,284
648,726
649,297
650,982
651,121
652,237
653,429
654,48
655,290
656,988
657,657
658,163
659,505
660,624
661,350
662,841
663,319
664,636
665,666
666,89
667,782
668,16
669,79
670,713
671,150
672,774
673,110
674,974
675,584
676,342
677,849
678,315
679,928
680,794
681,107
682,441
683,322
684,418
685,755
686,609
687,177
688,178
689,191
690,403
691,992
692,391
693,15
694,975
695,163
696,33
697,478
698,807
699,783
700,410
701,664
702,798
703,332
704,512
705,582
706,701
707,506
708,295
709,441
710,465
711,363
712,500
713,983
714,309
715,103
716,958
717,860
718,921
719,457
720,437
721,739
722,714
723,893
724,962
725,650
726,716
727,487
728,833
729,613
730,971
731,396
732,255
733,871
734,664
735,595
736,660
737,630
738,688
739,453
740,632
741,427
742,300
743,343
744,251
745,208
746,360
747,556
748,206
749,44
750,865
751,782
752,788
753,386
754,672
755,986
756,640
757,939
758,72
759,118
760,708
761,793
762,532
763,910
764,118
765,497
766,354
767,33
768,862
769,240
770,257
771,625
772,299
773,820
774,547
775,528
776,94
777,815
778,572
779,227
780,421
781,927
782,750
783,939
784,973
785,652
786,77
787,576
788,14
789,952
790,734
791,701
792,487
793,105
794,494
795,244
796,635
797,519
798,475
799,473
800,359
801,66
802,497
803,60
804,984
805,39
806,802
807,681
808,70
809,21
810,335
811,792
812,643
813,817
814,735
815,621
816,74
817,967
818,170
819,347
820,304
821,791
822,784
823,795
824,88
825,622
826,708
827,827
828,660
829,948
830,898
831,702
832,345
833,453
834,584
835,625
836,426
837,373
838,680
839,306
840,179
841,378
842,463
843,655
844,719
845,880
846,746
847,779
848,134
849,486
850,486
851,514
852,729
853,41
854,751
855,742
856,717
857,309
858,797
859,551
860,940
861,187
862,277
863,886
864,915
865,516
866,376
867,251
868,871
869,462
870,79
871,994
872,535
873,834
874,677
875,801
876,903
877,325
878,376
879,970
880,648
881,273
882,713
883,558
884,565
885,985
886,766
887,91
888,670
889,54
890,466
891,345
892,51
893,234
894,657
895,506
896,161
897,118
898,855
899,590
900,532
901,384
902,56
903,337
904,471
905,806
906,258
907,461
908,705
909,275
910,544
911,406
912,545
913,587
914,555
915,756
916,909
917,645
918,367
919,349
920,572
921,163
922,410
923,683
924,224
925,751
926,563
927,30
928,840
929,200
930,729
931,526
932,680
933,398
934,997
935,971
936,368
937,782
938,280
939,265
940,750
941,208
942,909
943,13
944,694
945,71
946,76
947,771
948,176
949,500
950,311
951,306
952,450
953,788
954,932
955,837
956,587
957,342
958,940
959,209
960,859
961,135
962,248
963,401
964,698
965,614
966,284
967,893
968,622
969,712
970,573
971,854
972,15
973,160
974,725
975,585
976,173
977,242
978,323
979,467
980,462
981,842
982,230
983,224
984,229
985,776
986,666
987,122
988,185
989,584
990,959
991,203
992,715
993,719
994,833
995,305
996,390
997,513
998,211
999,905
1000,43
1001,55
1002,81
1003,33
1004,275
1005,313
1006,624
1007,858
1008,167
1009,626
1010,249
1011,174
1012,183
1013,850
1014,899
1015,667
1016,783
1017,139
1018,234
1019,730
1020,141
1021,487
1022,983
1023,888
1024,897
1025,57
1026,914
1027,65
1028,194
1029,724
1030,944
1031,330
1032,44
1033,494
1034,579
1035,753
1036,213
1037,129
1038,140
1039,115
1040,764
1041,55
1042,127
1043,43
1044,197
1045,934
1046,683
1047,127
1048,242
1049,248
1050,414
1051,303
1052,850
1053,931
1054,264
1055,495
1056,516
1057,114
1058,800
1059,907
1060,219
1061,882
1062,786
1063,385
1064,908
1065,843
1066,71
1067,891
1068,943
1069,848
1070,645
1071,409
1072,745
1073,458
1074,447
1075,175
1076,852
1077,846
1078,553
1079,376
1080,256
1081,994
1082,386
1083,972
1084,890
1085,934
1086,859
1087,254
1088,92
1089,862
1090,985
1091,621
1092,386
1093,180
1094,644
1095,147
1096,190
1097,133
1098,395
1099,798
1100,867
1101,836
1102,433
1103,466
1104,462
1105,61
1106,279
1107,104
1108,675
1109,32
1110,983
1111,618
1112,230
1113,656
1114,6
1115,157
1116,633
1117,685
1118,613
1119,993
1120,441
1121,780
1122,744
1123,429
1124,948
1125,422
1126,69
1127,623
1128,681
1129,216
1130,771
1131,137
1132,155
1133,97
1134,548
1135,308
1136,514
1137,93
1138,152
1139,260
1140,141
1141,40
1142,684
1143,663
1144,453
1145,937
1146,601
1147,416
1148,403
1149,224
1150,414
1151,52
1152,688
1153,300
1154,245
1155,560
1156,969
1157,998
1158,488
1159,870
1160,750
1161,651
1162,842
1163,471
1164,288
1165,882
1166,218
1167,270
1168,895
1169,456
1170,670
1171,794
1172,888
1173,119
1174,523
1175,51
1176,525
1177,941
1178,640
1179,610
1180,434
1181,341
1182,358
1183,490
1184,358
1185,896
1186,486
1187,815
1188,76
1189,870
1190,74
1191,523
1192,97
1193,690
1194,441
1195,801
1196,130
1197,636
1198,590
1199,616
1200,472
1201,990
1202,490
1203,961
1204,315
1205,424
1206,122
1207,301
1208,814
1209,64
1210,215
1211,767
1212,445
1213,837
1214,119
1215,2
1216,241
1217,153
1218,945
1219,755
1220,244
1221,388
1222,145
1223,327
1224,15
1225,751
1226,800
1227,863
1228,7
1229,20
1230,419
1231,309
1232,709
1233,797
1234,922
1235,818
1236,864
1237,40
1238,635
1239,807
1240,619
1241,573
1242,822
1243,911
1244,357
1245,469
1246,221
1247,402
1248,610
1249,674
1250,145
1251,372
1252,36
1253,989
1254,244
1255,34
1256,175
1257,393
1258,55
1259,947
1260,199
1261,197
1262,123
1263,422
1264,64
1265,82
1266,895
1267,312
1268,985
1269,997
1270,899
1271,532
1272,10
1273,986
1274,437
1275,230
1276,674
1277,30
1278,690
1279,518
1280,644
1281,115
1282,253
1283,566
1284,500
1285,537
1286,151
1287,10
1288,385
1289,938
1290,456
1291,752
1292,875
1293,132
1294,714
1295,811
1296,512
1297,720
1298,72
1299,793
1300,836
1301,69
1302,594
1303,904
1304,778
1305,985
1306,696
1307,514
1308,2
1309,894
1310,765
1311,779
1312,171
1313,262
1314,336
1315,341
1316,564
1317,835
1318,923
1319,838
1320,83
1321,961
1322,969
1323,307
1324,852
1325,478
1326,301
1327,522
1328,260
1329,540
1330,747
1331,733
1332,800
1333,991
1334,729
1335,304
1336,367
1337,691
1338,296
1339,389
1340,301
1341,359
1342,498
1343,952
1344,692
1345,598
1346,677
1347,60
1348,295
1349,358
1350,46
1351,564
1352,444
1353,48
1354,708
1355,795
1356,233
1357,50
1358,124
1359,451
1360,802
1361,301
1362,879
1363,762
1364,396
1365,170
1366,269
1367,729
1368,834
1369,675
1370,417
1371,628
1372,437
1373,674
1374,263
1375,674
1376,970
1377,578
1378,923
1379,259
1380,939
1381,975
1382,415
1383,309
1384,106
1385,915
1386,756
1387,938
1388,556
1389,544
1390,746
1391,250
1392,557
1393,53
1394,240
1395,203
1396,202
1397,489
1398,632
1399,826
1400,442
1401,315
1402,275
1403,848
1404,713
1405,225
1406,530
1407,598
1408,934
1409,590
1410,36
1411,230
1412,275
1413,974
1414,480
1415,234
1416,398
1417,697
1418,40
1419,31
1420,655
1421,21
1422,352
1423,645
1424,752
1425,747
1426,125
1427,558
1428,800
1429,409
1430,616
1431,70
1432,235
1433,181
1434,707
1435,285
1436,393
1437,539
1438,60
1439,413
1440,827
1441,156
1442,665
1443,103
1444,75
1445,413
1446,341
1447,209
1448,945
1449,450
1450,661
1451,258
1452,408
1453,239
1454,403
1455,71
1456,675
1457,367
1458,303
1459,793
1460,98
1461,772
1462,524
1463,277
1464,451
1465,817
1466,981
1467,60
1468,910
1469,490
1470,271
1471,783
1472,759
1473,672
1474,639
1475,237
1476,623
1477,839
1478,432
1479,325
1480,108
1481,828
1482,238
1483,473
1484,4
1485,76
1486,968
1487,939
1488,235
1489,55
1490,600
1491,39
1492,880
1493,860
1494,787
1495,300
1496,101
1497,765
1498,79
1499,726
1500,429
1501,217
1502,111
1503,718
1504,141
1505,915
1506,396
1507,408
1508,790
1509,96
1510,103
1511,72
1512,651
1513,895
1514,988
1515,297
1516,232
1517,47
1518,503
1519,430
1520,45
1521,109
1522,41
1523,618
1524,181
1525,797
1526,952
1527,228
1528,618
1529,716
1530,932
1531,220
1532,607
1533,925
1534,171
1535,481
1536,231
1537,960
1538,349
1539,95
1540,437
1541,870
1542,396
1543,439
1544,922
1545,546
1546,907
1547,120
1548,703
1549,25
1550,305
1551,358
1552,380
1553,574
1554,364
1555,12
1556,534
1557,421
1558,138
1559,850
1560,965
1561,850
1562,279
1563,140
1564,951
1565,728
1566,788
1567,280
1568,433
1569,531
1570,972
1571,630
1572,164
1573,769
1574,321
1575,427
1576,978
1577,290
1578,633
1579,169
1580,411
1581,528
1582,742
1583,885
1584,340
1585,367
1586,754
1587,743
1588,905
1589,896
1590,598
1591,982
1592,862
1593,123
1594,201
1595,807
1596,577
1597,291
1598,515
1599,358
1600,536
1601,943
1602,137
1603,922
1604,999
1605,728
1606,681
1607,997
1608,937
1609,689
1610,39
1611,703
1612,759
1613,811
1614,31
1615,643
1616,715
1617,307
1618,434
1619,833
1620,125
1621,292
1622,732
1623,126
1624,564
1625,570
1626,546
1627,848
1628,475
1629,162
1630,238
1631,688
1632,267
1633,579
1634,846
1635,874
1636,355
1637,971
1638,321
1639,757
1640,430
1641,880
1642,522
1643,794
1644,545
1645,376
1646,201
1647,862
1648,561
1649,697
1650,125
1651,671
1652,24
1653,322
1654,940
1655,786
1656,707
1657,346
1658,784
1659,704
1660,453
1661,455
1662,800
1663,385
1664,718
1665,656
1666,9
1667,386
1668,949
1669,304
1670,237
1671,426
1672,108
1673,273
1674,506
1675,582
1676,441
1677,432
1678,919
1679,435
1680,686
1681,71
1682,300
1683,345
1684,517
1685,66
1686,687
1687,223
1688,921
1689,700
1690,831
1691,387
1692,505
1693,693
1694,290
1695,740
1696,718
1697,538
1698,414
1699,959
1700,107
1701,460
1702,327
1703,186
1704,901
1705,332
1706,393
1707,710
1708,244
1709,883
1710,556
1711,374
1712,970
1713,19
1714,244
1715,121
1716,480
1717,582
1718,210
1719,805
1720,143
1721,94
1722,56
1723,114
1724,661
1725,125
1726,399
1727,750
1728,818
1729,706
1730,85
1731,899
1732,706
1733,714
1734,414
1735,735
1736,428
1737,643
1738,962
1739,551
1740,673
1741,584
1742,763
1743,821
1744,182
1745,263
1746,2
1747,871
1748,30
1749,444
1750,992
1751,265
1752,600
1753,922
1754,5
1755,273
1756,96
1757,600
1758,501
1759,161
1760,961
1761,878
1762,299
1763,660
1764,653
1765,652
1766,800
1767,743
1768,30
1769,274
1770,150
1771,669
1772,981
1773,55
1774,180
1775,32
1776,13
1777,159
1778,726
1779,934
1780,668
1781,303
1782,382
1783,383
1784,752
1785,244
1786,546
1787,761
1788,650
1789,298
1790,886
1791,70
1792,522
1793,872
1794,565
1795,679
1796,565
1797,314
1798,207
1799,16
1800,701
1801,633
1802,849
1803,640
1804,844
1805,156
1806,102
1807,898
1808,433
1809,743
1810,723
1811,973
1812,470
1813,230
1814,559
1815,256
1816,450
1817,765
1818,172
1819,808
1820,169
1821,743
1822,779
1823,867
1824,930
1825,625
1826,487
1827,184
1828,197
1829,135
1830,370
1831,563
1832,883
1833,979
1834,954
1835,428
1836,660
1837,161
1838,627
1839,725
1840,26
1841,460
1842,926
1843,804
1844,280
1845,364
1846,862
1847,574
1848,292
1849,545
1850,450
1851,419
1852,720
1853,352
1854,25
1855,762
1856,320
1857,122
1858,61
1859,685
1860,622
1861,384
1862,124
1863,91
1864,973
1865,47
1866,713
1867,189
1868,555
1869,199
1870,355
1871,555
1872,621
1873,88
1874,277
1875,652
1876,216
1877,591
1878,99
1879,626
1880,355
1881,319
1882,677
1883,308
1884,318
1885,785
1886,811
1887,646
1888,462
1889,387
1890,792
1891,74
1892,150
1893,824
1894,412
1895,395
1896,993
1897,292
1898,250
1899,646
1900,237
1901,859
1902,329
1903,73
1904,904
1905,638
1906,791
1907,111
1908,619
1909,352
1910,904
1911,679
1912,753
1913,663
1914,785
1915,258
1916,685
1917,134
1918,917
1919,825
1920,674
1921,278
1922,146
1923,892
1924,978
1925,466
1926,55
1927,26
1928,242
1929,296
1930,647
1931,171
1932,483
1933,839
1934,622
1935,952
1936,678
1937,153
1938,52
1939,198
1940,908
1941,741
1942,894
1943,827
1944,826
1945,34
1946,350
1947,168
1948,505
1949,174
1950,352
1951,208
1952,854
1953,599
1954,377
1955,158
1956,203
1957,266
1958,198
1959,335
1960,206
1961,660
1962,938
1963,779
1964,597
1965,381
1966,763
1967,96
1968,124
1969,149
1970,569
1971,278
1972,870
1973,368
1974,562
1975,931
1976,268
1977,836
1978,843
1979,596
1980,785
1981,918
1982,594
1983,848
1984,748
1985,721
1986,18
1987,858
1988,700
1989,779
1990,533
1991,805
1992,633
1993,808
1994,574
1995,606
1996,947
1997,696
1998,822
1999,559
2000,394
2001,832
2002,190
2003,480
2004,832
2005,434
2006,824
2007,213
2008,332
2009,826
2010,390
2011,66
2012,661
2013,45
2014,922
2015,424
2016,336
2017,618
2018,639
2019,51
2020,669
2021,218
2022,125
2023,48
2024,915
2025,458
2026,38
2027,231
2028,729
2029,984
2030,950
2031,265
2032,749
2033,868
2034,201
2035,180
2036,131
2037,380
2038,433
2039,28
2040,482
2041,920
2042,33
2043,10
2044,827
2045,549
2046,291
2047,33
2048,239
2049,160
2050,491
2051,352
2052,401
2053,517
2054,565
2055,151
2056,695
2057,162
2058,945
2059,231
2060,632
2061,508
2062,525
2063,294
2064,12
2065,614
2066,393
2067,365
2068,551
2069,559
2070,416
2071,589
2072,599
2073,349
2074,829
2075,701
2076,508
2077,950
2078,800
2079,116
2080,1000
2081,38
2082,680
2083,357
2084,382
2085,166
2086,831
2087,14
2088,331
2089,257
2090,518
2091,411
2092,383
2093,997
2094,605
2095,821
2096,673
2097,507
2098,57
2099,317
2100,286
2101,325
2102,838
2103,8
2104,567
2105,464
2106,490
2107,531
2108,267
2109,112
2110,821
2111,349
2112,756
2113,262
2114,598
2115,499
2116,980
2117,601
2118,767
2119,802
2120,545
2121,349
2122,356
2123,723
2124,448
2125,729
2126,605
2127,667
2128,792
2129,762
2130,846
2131,137
2132,8
2133,642
2134,23
2135,137
2136,411
2137,208
2138,17
2139,727
2140,254
2141,33
2142,955
2143,667
2144,199
2145,213
2146,981
2147,93
2148,381
2149,286
2150,185
2151,911
2152,558
2153,827
2154,603
2155,133
2156,95
2157,466
2158,867
2159,44
2160,503
2161,358
2162,882
2163,720
2164,646
2165,947
2166,580
2167,436
2168,535
2169,227
2170,457
2171,65
2172,117
2173,81
2174,4
2175,959
2176,988
2177,880
2178,672
2179,323
2180,507
2181,416
2182,599
2183,377
2184,797
2185,209
2186,816
2187,888
2188,947
2189,54
2190,106
2191,292
2192,214
2193,289
2194,137
2195,612
2196,833
2197,208
2198,403
2199,353
2200,906
2201,795
2202,174
2203,577
2204,250
2205,734
2206,999
2207,914
2208,25
2209,201
2210,176
2211,365
2212,550
2213,845
2214,519
2215,763
2216,359
2217,331
2218,715
2219,897
2220,343
2221,554
2222,184
2223,531
2224,149
2225,549
2226,449
2227,793
2228,795
2229,185
2230,567
2231,627
2232,116
2233,889
2234,489
2235,295
2236,963
2237,366
2238,867
2239,9
2240,470
2241,967
2242,500
2243,140
2244,346
2245,572
2246,108
2247,300
2248,474
2249,191
2250,891
2251,533
2252,83
2253,579
2254,171
2255,931
2256,680
2257,533
2258,86
2259,198
2260,520
2261,417
2262,23
2263,386
2264,861
2265,442
2266,303
2267,959
2268,674
2269,22
2270,295
2271,705
2272,133
2273,374
2274,518
2275,469
2276,947
2277,131
2278,276
2279,713
2280,5
2281,502
2282,892
2283,117
2284,970
2285,511
2286,820
2287,197
2288,633
2289,382
2290,554
2291,647
2292,589
2293,619
2294,989
2295,571
2296,873
2297,305
2298,384
2299,438
2300,752
2301,12
2302,789
2303,183
2304,607
2305,533
2306,371
2307,984
2308,453
2309,795
2310,704
2311,707
2312,78
2313,881
2314,363
2315,783
2316,366
2317,588
2318,900
2319,784
2320,993
2321,476
2322,823
2323,880
2324,407
2325,1
2326,664
2327,694
2328,493
2329,171
2330,382
2331,889
2332,930
2333,745
2334,642
2335,949
2336,949
2337,751
2338,81
2339,476
2340,905
2341,9
2342,291
2343,783
2344,272
2345,17
2346,769
2347,431
2348,664
2349,567
2350,395
2351,606
2352,336
2353,423
2354,52
2355,803
2356,93
2357,197
2358,992
2359,738
2360,839
2361,338
2362,892
2363,785
2364,683
2365,210
2366,723
2367,75
2368,151
2369,997
2370,427
2371,215
2372,567
2373,169
2374,283
2375,564
2376,488
2377,87
2378,432
2379,451
2380,110
2381,725
2382,131
2383,301
2384,472
2385,865
2386,241
2387,982
2388,747
2389,324
2390,923
2391,215
2392,276
2393,753
2394,276
2395,932
2396,798
2397,969
2398,216
2399,631
2400,977
2401,615
2402,198
2403,161
2404,726
2405,317
2406,310
2407,588
2408,161
2409,39
2410,562
2411,138
2412,928
2413,578
2414,326
2415,49
2416,623
2417,52
2418,417
2419,340
2420,762
2421,770
2422,530
2423,359
2424,142
2425,942
2426,185
2427,247
2428,97
2429,977
2430,29
2431,479
2432,568
2433,188
2434,936
2435,474
2436,675
2437,884
2438,207
2439,623
2440,556
2441,66
2442,19
2443,479
2444,158
2445,347
2446,486
2447,297
2448,864
2449,637
2450,816
2451,367
2452,516
2453,222
2454,293
2455,190
2456,77
2457,468
2458,149
2459,244
2460,343
2461,708
2462,208
2463,87
2464,36
2465,184
2466,219
2467,784
2468,883
2469,562
2470,922
2471,998
2472,895
2473,8
2474,573
2475,673
2476,425
2477,416
2478,537
2479,697
2480,389
2481,192
2482,830
2483,696
2484,821
2485,265
2486,899
2487,385
2488,815
2489,625
2490,235
2491,883
2492,582
2493,717
2494,264
2495,456
2496,909
2497,369
2498,133
2499,283
2500,570
2501,301
2502,266
2503,546
2504,38
2505,539
2506,578
2507,990
2508,368
2509,629
2510,737
2511,367
2512,291
2513,362
2514,465
2515,103
2516,886
2517,143
2518,814
2519,151
2520,917
2521,92
2522,793
2523,755
2524,949
2525,841
2526,478
2527,922
2528,77
2529,917
2530,261
2531,424
2532,691
2533,787
2534,528
2535,269
2536,553
2537,225
2538,165
2539,349
2540,155
2541,568
2542,110
2543,723
2544,35
2545,755
2546,9
2547,566
2548,25
2549,718
2550,377
2551,241
2552,100
2553,702
2554,497
2555,216
2556,739
2557,75
2558,163
2559,137
2560,577
2561,983
2562,665
2563,187
2564,933
2565,541
2566,365
2567,196
2568,684
2569,926
2570,858
2571,789
2572,858
2573,48
2574,41
2575,79
2576,24
2577,747
2578,303
2579,956
2580,653
2581,222
2582,102
2583,351
2584,952
2585,528
2586,710
2587,280
2588,533
2589,7
2590,521
2591,52
2592,373
2593,681
2594,377
2595,78
2596,375
2597,833
2598,313
2599,964
2600,771
2601,658
2602,167
2603,871
2604,556
2605,644
2606,100
2607,806
2608,223
2609,313
2610,703
2611,907
2612,789
2613,308
2614,464
2615,599
2616,156
2617,466
2618,992
2619,521
2620,806
2621,145
2622,559
2623,300
2624,910
2625,396
2626,879
2627,21
2628,715
2629,36
2630,262
2631,985
2632,268
2633,188
2634,394
2635,998
2636,808
2637,28
2638,283
2639,220
2640,236
2641,451
2642,188
2643,125
2644,692
2645,624
2646,296
2647,564
2648,828
2649,769
2650,273
2651,567
2652,54
2653,769
2654,334
2655,954
2656,654
2657,317
2658,676
2659,51
2660,864
2661,121
2662,425
2663,270
2664,763
2665,404
2666,897
2667,285
2668,110
2669,644
2670,125
2671,187
2672,704
2673,724
2674,68
2675,830
2676,534
2677,27
2678,987
2679,458
2680,650
2681,861
2682,748
2683,72
2684,859
2685,627
2686,355
2687,429
2688,473
2689,709
2690,584
2691,845
2692,611
2693,966
2694,713
2695,199
2696,665
2697,576
2698,109
2699,833
2700,136
2701,729
2702,994
2703,444
2704,423
2705,856
2706,749
2707,533
2708,371
2709,173
2710,799
2711,657
2712,428
2713,247
2714,283
2715,296
2716,718
2717,551
2718,296
2719,445
2720,654
2721,954
2722,288
2723,440
2724,985
2725,912
2726,358
2727,239
2728,398
2729,612
2730,912
2731,797
2732,402
2733,553
2734,796
2735,358
2736,966
2737,208
2738,844
2739,277
2740,41
2741,37
2742,242
2743,106
2744,913
2745,478
2746,807
2747,632
2748,848
2749,248
2750,971
2751,590
2752,178
2753,505
2754,340
2755,68
2756,812
2757,486
2758,231
2759,59
2760,673
2761,533
2762,32
2763,820
2764,439
2765,645
2766,628
2767,128
2768,904
2769,772
2770,934
2771,392
2772,878
2773,867
2774,142
2775,74
2776,110
2777,104
2778,715
2779,239
2780,779
2781,739
2782,271
2783,56
2784,509
2785,878
2786,418
2787,60
2788,737
2789,967
2790,955
2791,925
2792,735
2793,18
2794,186
2795,974
2796,541
2797,65
2798,14
2799,559
2800,803
2801,414
2802,813
2803,905
2804,442
2805,783
2806,471
2807,415
2808,878
2809,259
2810,295
2811,4
2812,255
2813,490
2814,875
2815,899
2816,712
2817,41
2818,420
2819,636
2820,201
2821,394
2822,746
2823,300
2824,92
2825,373
2826,477
2827,782
2828,529
2829,343
2830,462
2831,742
2832,250
2833,392
2834,91
2835,202
2836,256
2837,357
2838,821
2839,235
2840,130
2841,765
2842,598
2843,976
2844,296
2845,905
2846,756
2847,651
2848,694
2849,108
2850,106
2851,779
2852,703
2853,586
2854,131
2855,570
2856,571
2857,670
2858,268
2859,935
2860,45
2861,42
2862,881
2863,359
2864,852
2865,45
2866,166
2867,308
2868,521
2869,199
2870,778
2871,110
2872,337
2873,271
2874,897
2875,578
2876,755
2877,800
2878,905
2879,351
2880,581
2881,226
2882,162
2883,151
2884,486
2885,330
2886,637
2887,638
2888,997
2889,740
2890,136
2891,195
2892,932
2893,968
2894,527
2895,740
2896,263
2897,172
2898,57
2899,85
2900,462
2901,820
2902,226
2903,68
2904,678
2905,681
2906,165
2907,474
2908,124
2909,498
2910,881
2911,879
2912,154
2913,886
2914,697
2915,130
2916,170
2917,316
2918,86
2919,727
2920,22
2921,449
2922,295
2923,966
2924,446
2925,288
2926,1000
2927,682
2928,193
2929,882
2930,972
2931,955
2932,402
2933,78
2934,408
2935,759
2936,236
2937,648
2938,572
2939,339
2940,591
2941,537
2942,479
2943,104
2944,836
2945,65
2946,492
2947,375
2948,692
2949,657
2950,910
2951,351
2952,539
2953,66
2954,182
2955,368
2956,244
2957,753
2958,516
2959,749
2960,306
2961,752
2962,445
2963,109
2964,208
2965,943
2966,152
2967,610
2968,682
2969,893
2970,318
2971,274
2972,786
2973,756
2974,328
2975,913
2976,510
2977,40
2978,713
2979,765
2980,520
2981,490
2982,26
2983,108
2984,108
2985,551
2986,793
2987,438
2988,589
2989,788
2990,687
2991,739
2992,106
2993,505
2994,38
2995,762
2996,916
2997,989
2998,514
2999,128
3000,142
3001,489
3002,66
3003,181
3004,668
3005,224
3006,703
3007,909
3008,823
3009,804
3010,581
3011,105
3012,645
3013,508
3014,325
3015,904
3016,846
3017,221
3018,701
3019,786
3020,730
3021,611
3022,204
3023,506
3024,392
3025,542
3026,637
3027,887
3028,443
3029,610
3030,64
3031,543
3032,10
3033,705
3034,408
3035,88
3036,910
3037,709
3038,178
3039,481
3040,24
3041,944
3042,973
3043,165
3044,599
3045,685
3046,620
3047,581
3048,547
3049,181
3050,155
3051,185
3052,619
3053,261
3054,89
3055,733
3056,290
3057,864
3058,336
3059,859
3060,527
3061,233
3062,801
3063,830
3064,104
3065,13
3066,663
3067,688
3068,529
3069,766
3070,432
3071,230
3072,574
3073,212
3074,657
3075,674
3076,673
3077,766
3078,95
3079,296
3080,470
3081,108
3082,350
3083,945
3084,367
3085,861
3086,146
3087,559
3088,990
3089,279
3090,128
3091,311
3092,85
3093,920
3094,347
3095,216
3096,971
3097,35
3098,698
3099,498
3100,919
3101,705
3102,415
3103,126
3104,138
3105,719
3106,434
3107,172
3108,994
3109,641
3110,70
3111,704
3112,307
3113,364
3114,629
3115,820
3116,986
3117,809
3118,983
3119,957
3120,720
3121,412
3122,10
3123,787
3124,94
3125,462
3126,604
3127,567
3128,690
3129,340
3130,736
3131,997
3132,766
3133,601
3134,276
3135,467
3136,335
3137,858
3138,423
3139,642
3140,924
3141,844
3142,354
3143,859
3144,799
3145,582
3146,422
3147,513
3148,496
3149,404
3150,140
3151,837
3152,301
3153,842
3154,422
3155,267
3156,459
3157,758
3158,908
3159,798
3160,913
3161,752
3162,731
3163,917
3164,92
3165,924
3166,469
3167,742
3168,512
3169,243
3170,525
3171,254
3172,228
3173,732
3174,212
3175,264
3176,637
3177,344
3178,151
3179,539
3180,166
3181,423
3182,382
3183,122
3184,927
3185,240
3186,900
3187,572
3188,951
3189,972
3190,230
3191,144
3192,738
3193,572
3194,632
3195,290
3196,710
3197,489
3198,201
3199,711
3200,504
3201,790
3202,227
3203,836
3204,5
3205,808
3206,184
3207,683
3208,522
3209,634
3210,827
3211,645
3212,217
3213,960
3214,700
3215,213
3216,587
3217,464
3218,500
3219,801
3220,900
3221,184
3222,744
3223,929
3224,724
3225,477
3226,827
3227,543
3228,397
3229,5
3230,114
3231,684
3232,959
3233,493
3234,193
3235,252
3236,233
3237,799
3238,151
3239,865
3240,162
3241,577
3242,740
3243,629
3244,632
3245,479
3246,144
3247,587
3248,128
3249,84
3250,211
3251,810
3252,972
3253,636
3254,474
3255,848
3256,521
3257,955
3258,790
3259,735
3260,200
3261,776
3262,644
3263,916
3264,52
3265,709
3266,269
3267,260
3268,385
3269,622
3270,69
3271,415
3272,256
3273,442
3274,231
3275,763
3276,283
3277,323
3278,920
3279,892
3280,726
3281,622
3282,711
3283,430
3284,317
3285,123
3286,483
3287,879
3288,816
3289,117
3290,416
3291,72
3292,625
3293,484
3294,112
3295,545
3296,165
3297,624
3298,302
3299,741
3300,913
3301,189
3302,194
3303,856
3304,161
3305,114
3306,778
3307,630
3308,134
3309,711
3310,62
3311,274
3312,556
3313,452
3314,840
3315,820
3316,234
3317,494
3318,365
3319,797
3320,695
3321,111
3322,281
3323,301
3324,422
3325,23
3326,404
3327,440
3328,74
3329,778
3330,23
3331,12
3332,831
3333,349
3334,108
3335,951
3336,561
3337,907
3338,217
3339,250
3340,125
3341,517
3342,988
3343,452
3344,556
3345,719
3346,837
3347,176
3348,607
3349,311
3350,559
3351,588
3352,708
3353,895
3354,903
3355,968
3356,370
3357,192
3358,346
3359,950
3360,724
3361,853
3362,767
3363,440
3364,456
3365,65
3366,589
3367,647
3368,445
3369,19
3370,198
3371,845
3372,231
3373,422
3374,698
3375,309
3376,529
3377,687
3378,559
3379,538
3380,536
3381,316
3382,312
3383,985
3384,979
3385,429
3386,434
3387,469
3388,609
3389,229
3390,902
3391,247
3392,582
3393,720
3394,37
3395,92
3396,849
3397,59
3398,236
3399,9
3400,871
3401,26
3402,392
3403,211
3404,72
3405,167
3406,724
3407,194
3408,694
3409,792
3410,768
3411,523
3412,33
3413,838
3414,808
3415,776
3416,460
3417,6
3418,675
3419,802
3420,93
3421,974
3422,549
3423,517
3424,208
3425,622
3426,374
3427,353
3428,46
3429,229
3430,5
3431,455
3432,561
3433,357
3434,797
3435,154
3436,279
3437,689
3438,76
3439,235
3440,495
3441,460
3442,502
3443,745
3444,858
3445,664
3446,903
3447,3
3448,295
3449,621
3450,215
3451,415
3452,755
3453,122
3454,365
3455,235
3456,958
3457,425
3458,609
3459,769
3460,24
3461,359
3462,141
3463,347
3464,350
3465,939
3466,223
3467,449
3468,674
3469,750
3470,352
3471,338
3472,64
3473,397
3474,943
3475,902
3476,71
3477,768
3478,257
3479,344
3480,543
3481,618
3482,924
3483,33
3484,738
3485,134
3486,620
3487,73
3488,159
3489,155
3490,926
3491,77
3492,148
3493,698
3494,891
3495,415
3496,646
3497,478
3498,986
3499,567
3500,948
3501,644
3502,52
3503,743
3504,709
3505,271
3506,520
3507,849
3508,988
3509,17
3510,152
3511,69
3512,669
3513,406
3514,583
3515,608
3516,868
3517,251
3518,837
3519,2
3520,87
3521,153
3522,200
3523,338
3524,442
3525,176
3526,174
3527,525
3528,811
3529,331
3530,488
3531,559
3532,759
3533,428
3534,67
3535,86
3536,94
3537,78
3538,255
3539,445
3540,205
3541,35
3542,260
3543,143
3544,541
3545,172
3546,138
3547,359
3548,996
3549,58
3550,599
3551,990
3552,925
3553,683
3554,607
3555,926
3556,149
3557,158
3558,264
3559,981
3560,943
3561,397
3562,770
3563,828
3564,209
3565,632
3566,886
3567,290
3568,415
3569,383
3570,621
3571,608
3572,185
3573,311
3574,964
3575,851
3576,354
3577,931
3578,210
3579,755
3580,53
3581,635
3582,107
3583,486
3584,664
3585,642
3586,72
3587,496
3588,773
3589,625
3590,364
3591,200
3592,687
3593,722
3594,399
3595,2
3596,33
3597,216
3598,277
3599,981
3600,805
3601,62
3602,268
3603,337
3604,164
3605,929
3606,982
3607,668
3608,11
3609,732
3610,716
3611,604
3612,855
3613,480
3614,897
3615,387
3616,203
3617,166
3618,129
3619,332
3620,536
3621,37
3622,766
3623,860
3624,365
3625,84
3626,780
3627,838
3628,263
3629,308
3630,222
3631,856
3632,126
3633,236
3634,275
3635,607
3636,391
3637,791
3638,166
3639,871
3640,643
3641,483
3642,675
3643,654
3644,397
3645,691
3646,448
3647,499
3648,333
3649,263
3650,128
3651,504
3652,908
3653,12
3654,859
3655,687
3656,257
3657,291
3658,910
3659,547
3660,205
3661,427
3662,113
3663,77
3664,814
3665,724
3666,773
3667,29
3668,114
3669,604
3670,831
3671,769
3672,640
3673,559
3674,191
3675,713
3676,624
3677,619
3678,905
3679,432
3680,676
3681,510
3682,413
3683,623
3684,468
3685,450
3686,705
3687,36
3688,858
3689,258
3690,224
3691,799
3692,308
3693,329
3694,158
3695,204
3696,897
3697,405
3698,598
3699,427
3700,284
3701,64
3702,279
3703,764
3704,282
3705,912
3706,312
3707,499
3708,373
3709,501
3710,236
3711,462
3712,420
3713,846
3714,209
3715,77
3716,933
3717,945
3718,970
3719,870
3720,761
3721,2
3722,404
3723,200
3724,288
3725,719
3726,850
3727,460
3728,344
3729,955
3730,153
3731,693
3732,488
3733,221
3734,128
3735,141
3736,447
3737,588
3738,593
3739,805
3740,525
3741,528
3742,656
3743,250
3744,213
3745,715
3746,518
3747,893
3748,498
3749,400
3750,616
3751,24
3752,887
3753,361
3754,610
3755,681
3756,464
3757,147
3758,976
3759,829
3760,143
3761,953
3762,195
3763,27
3764,522
3765,821
3766,955
3767,828
3768,747
3769,657
3770,159
3771,958
3772,611
3773,102
3774,796
3775,617
3776,608
3777,570
3778,392
3779,921
3780,25
3781,972
3782,487
3783,76
3784,829
3785,120
3786,41
3787,384
3788,62
3789,71
3790,826
3791,249
3792,51
3793,140
3794,647
3795,614
3796,726
3797,434
3798,419
3799,411
3800,268
3801,246
3802,89
3803,137
3804,615
3805,158
3806,638
3807,179
3808,582
3809,257
3810,330
3811,71
3812,993
3813,443
3814,68
3815,825
3816,560
3817,292
3818,634
3819,44
3820,886
3821,151
3822,910
3823,873
3824,117
3825,272
3826,712
3827,195
3828,485
3829,182
3830,904
3831,907
3832,817
3833,938
3834,515
3835,851
3836,554
3837,355
3838,956
3839,921
3840,4
3841,724
3842,875
3843,675
3844,180
3845,126
3846,517
3847,726
3848,368
3849,999
3850,415
3851,508
3852,811
3853,989
3854,82
3855,674
3856,33
3857,294
3858,168
3859,710
3860,558
3861,802
3862,225
3863,569
3864,608
3865,821
3866,528
3867,581
3868,597
3869,458
3870,878
3871,867
3872,862
3873,60
3874,926
3875,637
3876,788
3877,767
3878,143
3879,495
3880,982
3881,950
3882,592
3883,370
3884,861
3885,459
3886,456
3887,116
3888,131
3889,860
3890,105
3891,208
3892,342
3893,288
3894,156
3895,837
3896,331
3897,176
3898,87
3899,331
3900,509
3901,357
3902,951
3903,998
3904,222
3905,996
3906,652
3907,929
3908,600
3909,378
3910,422
3911,20
3912,415
3913,610
3914,615
3915,150
3916,614
3917,458
3918,950
3919,814
3920,618
3921,311
3922,734
3923,963
3924,139
3925,475
3926,111
3927,642
3928,186
3929,226
3930,679
3931,795
3932,247
3933,126
3934,919
3935,691
3936,514
3937,438
3938,186
3939,868
3940,210
3941,70
3942,547
3943,547
3944,297
3945,375
3946,824
3947,355
3948,549
3949,680
3950,355
3951,997
3952,773
3953,601
3954,123
3955,813
3956,570
3957,755
3958,882
3959,649
3960,742
3961,667
3962,155
3963,800
3964,490
3965,654
3966,533
3967,33
3968,981
3969,747
3970,945
3971,410
3972,292
3973,354
3974,823
3975,382
3976,456
3977,705
3978,461
3979,871
3980,107
3981,611
3982,439
3983,674
3984,518
3985,898
3986,649
3987,830
3988,178
3989,141
3990,674
3991,505
3992,708
3993,835
3994,154
3995,499
3996,653
3997,531
3998,410
3999,346
4000,887
4001,911
4002,215
4003,353
4004,880
4005,40
4006,999
4007,773
4008,909
4009,904
4010,793
4011,106
4012,574
4013,14
4014,921
4015,914
4016,268
4017,679
4018,498
4019,431
4020,747
4021,541
4022,114
4023,213
4024,670
4025,40
4026,249
4027,327
4028,801
4029,914
4030,48
4031,923
4032,366
4033,272
4034,35
4035,187
4036,409
4037,29
4038,374
4039,287
4040,70
4041,570
4042,481
4043,192
4044,73
4045,175
4046,615
4047,671
4048,19
4049,676
4050,138
4051,328
4052,921
4053,45
4054,386
4055,647
4056,917
4057,585
4058,899
4059,37
4060,212
4061,699
4062,47
4063,747
4064,668
4065,112
4066,541
4067,703
4068,190
4069,317
4070,833
4071,982
4072,195
4073,745
4074,950
4075,494
4076,295
4077,889
4078,249
4079,207
4080,497
4081,412
4082,121
4083,124
4084,104
4085,268
4086,852
4087,84
4088,178
4089,695
4090,861
4091,840
4092,345
4093,505
4094,72
4095,610
4096,478
4097,767
4098,205
4099,260
4100,14
4101,795
4102,661
4103,138
4104,657
4105,44
4106,79
4107,117
4108,58
4109,47
4110,337
4111,367
4112,965
4113,468
4114,385
4115,406
4116,503
4117,153
4118,296
4119,623
4120,813
4121,998
4122,878
4123,904
4124,542
4125,725
4126,277
4127,19
4128,356
4129,942
4130,214
4131,398
4132,915
4133,466
4134,667
4135,364
4136,697
4137,623
4138,734
4139,916
4140,272
4141,861
4142,857
4143,325
4144,921
4145,498
4146,410
4147,144
4148,251
4149,480
4150,753
4151,264
4152,735
4153,59
4154,269
4155,539
4156,444
4157,101
4158,274
4159,810
4160,585
4161,893
4162,290
4163,638
4164,573
4165,140
4166,673
4167,8
4168,998
4169,833
4170,508
4171,932
4172,206
4173,604
4174,841
4175,501
4176,820
4177,886
4178,379
4179,715
4180,930
4181,547
4182,646
4183,54
4184,454
4185,229
4186,899
4187,999
4188,503
4189,656
4190,283
4191,921
4192,225
4193,323
4194,668
4195,691
4196,44
4197,215
4198,85
4199,19
4200,122
4201,813
4202,724
4203,758
4204,175
4205,565
4206,633
4207,133
4208,59
4209,552
4210,579
4211,176
4212,447
4213,945
4214,735
4215,46
4216,812
4217,114
4218,366
4219,442
4220,602
4221,280
4222,525
4223,713
4224,777
4225,242
4226,378
4227,704
4228,320
4229,879
4230,516
4231,210
4232,416
4233,202
4234,484
4235,157
4236,88
4237,421
4238,457
4239,18
4240,357
4241,134
4242,918
4243,600
4244,975
4245,983
4246,499
4247,922
4248,408
4249,547
4250,913
4251,870
4252,337
4253,167
4254,811
4255,159
4256,84
4257,724
4258,597
4259,617
4260,372
4261,686
4262,99
4263,401
4264,91
4265,192
4266,774
4267,955
4268,148
4269,576
4270,452
4271,493
4272,154
4273,223
4274,924
4275,755
4276,89
4277,166
4278,13
4279,789
4280,484
4281,390
4282,209
4283,779
4284,297
4285,997
4286,682
4287,901
4288,831
4289,69
4290,989
4291,1
4292,935
4293,171
4294,24
4295,284
4296,149
4297,77
4298,170
4299,431
4300,591
4301,5
4302,336
4303,561
4304,928
4305,632
4306,697
4307,654
4308,450
4309,310
4310,128
4311,643
4312,445
4313,192
4314,699
4315,714
4316,467
4317,108
4318,316
4319,340
4320,961
4321,644
4322,796
4323,4
4324,129
4325,839
4326,46
4327,125
4328,905
4329,585
4330,899
4331,560
4332,692
4333,679
4334,182
4335,929
4336,353
4337,613
4338,71
4339,440
4340,90
4341,63
4342,758
4343,766
4344,782
4345,289
4346,474
4347,680
4348,219
4349,39
4350,469
4351,737
4352,85
4353,330
4354,214
4355,190
4356,427
4357,24
4358,994
4359,706
4360,62
4361,112
4362,712
4363,230
4364,515
4365,966
4366,985
4367,601
4368,443
4369,1
4370,988
4371,935
4372,322
4373,488
4374,761
4375,705
4376,165
4377,619
4378,273
4379,688
4380,630
4381,274
4382,536
4383,419
4384,124
4385,718
4386,245
4387,721
4388,610
4389,325
4390,226
4391,817
4392,741
4393,272
4394,407
4395,296
4396,445
4397,191
4398,716
4399,235
4400,261
4401,677
4402,306
4403,226
4404,381
4405,691
4406,312
4407,200
4408,977
4409,632
4410,845
4411,646
4412,695
4413,489
4414,994
4415,191
4416,264
4417,683
4418,806
4419,324
4420,969
4421,273
4422,909
4423,675
4424,725
4425,44
4426,282
4427,174
4428,728
4429,805
4430,313
4431,29
4432,987
4433,821
4434,679
4435,432
4436,912
4437,200
4438,540
4439,174
4440,930
4441,462
4442,229
4443,403
4444,895
4445,298
4446,907
4447,274
4448,305
4449,677
4450,3
4451,762
4452,796
4453,255
4454,983
4455,278
4456,641
4457,470
4458,185
4459,228
4460,745
4461,715
4462,823
4463,332
4464,555
4465,341
4466,129
4467,309
4468,500
4469,291
4470,368
4471,966
4472,549
4473,191
4474,246
4475,645
4476,861
4477,807
4478,843
4479,745
4480,206
4481,596
4482,992
4483,708
4484,268
4485,190
4486,124
4487,111
4488,693
4489,998
4490,84
4491,206
4492,823
4493,233
4494,924
4495,966
4496,372
4497,432
4498,786
4499,349
4500,209
4501,221
4502,163
4503,494
4504,522
4505,69
4506,398
4507,402
4508,189
4509,90
4510,284
4511,331
4512,323
4513,348
4514,946
4515,296
4516,775
4517,125
4518,678
4519,191
4520,797
4521,496
4522,279
4523,653
4524,502
4525,135
4526,164
4527,369
4528,772
4529,828
4530,849
4531,166
4532,321
4533,560
4534,483
4535,677
4536,957
4537,861
4538,441
4539,13
4540,321
4541,278
4542,480
4543,360
4544,590
4545,880
4546,58
4547,739
4548,383
4549,542
4550,216
4551,271
4552,840
4553,351
4554,964
4555,301
4556,95
4557,107
4558,88
4559,165
4560,764
4561,13
4562,87
4563,31
4564,476
4565,397
4566,88
4567,312
4568,782
4569,982
4570,742
4571,726
4572,437
4573,599
4574,598
4575,155
4576,487
4577,538
4578,134
4579,641
4580,126
4581,228
4582,477
4583,455
4584,290
4585,116
4586,845
4587,485
4588,876
4589,115
4590,830
4591,156
4592,928
4593,905
4594,221
4595,888
4596,578
4597,415
4598,652
4599,791
4600,933
4601,801
4602,783
4603,563
4604,694
4605,646
4606,217
4607,762
4608,142
4609,910
4610,607
4611,615
4612,367
4613,477
4614,729
4615,663
4616,366
4617,516
4618,988
4619,963
4620,918
4621,924
4622,870
4623,177
4624,972
4625,206
4626,768
4627,867
4628,1000
4629,710
4630,246
4631,281
4632,684
4633,104
4634,212
4635,592
4636,574
4637,329
4638,347
4639,997
4640,851
4641,88
4642,966
4643,554
4644,341
4645,177
4646,819
4647,738
4648,736
4649,317
4650,40
4651,914
4652,446
4653,930
4654,659
4655,884
4656,304
4657,824
4658,986
4659,622
4660,489
4661,263
4662,306
4663,411
4664,442
4665,699
4666,163
4667,245
4668,478
4669,582
4670,23
4671,823
4672,174
4673,643
4674,375
4675,214
4676,587
4677,484
4678,7
4679,325
4680,483
4681,197
4682,993
4683,839
4684,487
4685,874
4686,18
4687,597
4688,778
4689,137
4690,931
4691,987
4692,903
4693,191
4694,647
4695,375
4696,979
4697,459
4698,730
4699,389
4700,899
4701,642
4702,427
4703,133
4704,920
4705,664
4706,728
4707,243
4708,659
4709,231
4710,719
4711,566
4712,115
4713,345
4714,493
4715,764
4716,815
4717,837
4718,625
4719,801
4720,863
4721,425
4722,878
4723,648
4724,183
4725,955
4726,92
4727,186
4728,719
4729,914
4730,304
4731,944
4732,855
4733,451
4734,247
4735,864
4736,47
4737,266
4738,979
4739,858
4740,936
4741,446
4742,53
4743,857
4744,589
4745,683
4746,832
4747,681
4748,874
4749,217
4750,423
4751,749
4752,462
4753,239
4754,709
4755,620
4756,239
4757,366
4758,139
4759,48
4760,634
4761,285
4762,403
4763,318
4764,38
4765,973
4766,502
4767,746
4768,874
4769,212
4770,476
4771,573
4772,650
4773,224
4774,241
4775,115
4776,935
4777,10
4778,580
4779,118
4780,110
4781,33
4782,4
4783,498
4784,28
4785,659
4786,639
4787,197
4788,168
4789,824
4790,621
4791,335
4792,469
4793,946
4794,255
4795,350
4796,511
4797,489
4798,474
4799,937
4800,559
4801,196
4802,923
4803,178
4804,782
4805,886
4806,443
4807,38
4808,923
4809,836
4810,545
4811,777
4812,809
4813,404
4814,515
4815,447
4816,323
4817,756
4818,951
4819,303
4820,374
4821,442
4822,372
4823,941
4824,293
4825,184
4826,82
4827,859
4828,70
4829,87
4830,567
4831,832
4832,85
4833,719
4834,590
4835,413
4836,162
4837,590
4838,175
4839,121
4840,882
4841,824
4842,197
4843,359
4844,558
4845,701
4846,188
4847,270
4848,766
4849,882
4850,973
4851,29
4852,279
4853,418
4854,794
4855,110
4856,400
4857,335
4858,123
4859,522
4860,399
4861,912
4862,338
4863,946
4864,613
4865,929
4866,150
4867,887
4868,83
4869,366
4870,937
4871,21
4872,316
4873,900
4874,113
4875,214
4876,53
4877,50
4878,945
4879,551
4880,984
4881,550
4882,999
4883,757
4884,411
4885,825
4886,945
4887,303
4888,111
4889,545
4890,726
4891,396
4892,249
4893,476
4894,118
4895,350
4896,847
4897,201
4898,450
4899,737
4900,10
4901,774
4902,477
4903,193
4904,95
4905,559
4906,382
4907,346
4908,431
4909,595
4910,229
4911,157
4912,506
4913,802
4914,678
4915,575
4916,784
4917,463
4918,535
4919,989
4920,163
4921,482
4922,788
4923,897
4924,943
4925,926
4926,494
4927,837
4928,515
4929,724
4930,437
4931,390
4932,24
4933,24
4934,110
4935,367
4936,227
4937,310
4938,507
4939,568
4940,270
4941,650
4942,1
4943,557
4944,28
4945,719
4946,581
4947,226
4948,34
4949,118
4950,19
4951,729
4952,111
4953,450
4954,177
4955,532
4956,919
4957,226
4958,556
4959,638
4960,474
4961,251
4962,654
4963,766
4964,458
4965,160
4966,41
4967,571
4968,224
4969,919
4970,296
4971,236
4972,954
4973,381
4974,752
4975,159
4976,627
4977,515
4978,846
4979,322
4980,681
4981,817
4982,904
4983,205
4984,306
4985,609
4986,826
4987,250
4988,191
4989,590
4990,229
4991,324
4992,477
4993,931
4994,842
4995,208
4996,868
4997,430
4998,283
4999,145
5000,149
5001,656
5002,423
5003,949
5004,634
5005,521
5006,950
5007,419
5008,231
5009,792
5010,38
5011,770
5012,62
5013,142
5014,967
5015,267
5016,253
5017,645
5018,641
5019,290
5020,513
5021,857
5022,645
5023,929
5024,712
5025,914
5026,708
5027,519
5028,120
5029,724
5030,215
5031,773
5032,962
5033,388
5034,530
5035,964
5036,374
5037,699
5038,125
5039,205
5040,798
5041,683
5042,596
5043,448
5044,533
5045,292
5046,457
5047,724
5048,123
5049,43
5050,248
5051,658
5052,447
5053,150
5054,651
5055,857
5056,660
5057,268
5058,461
5059,954
5060,983
5061,841
5062,844
5063,566
5064,98
5065,724
5066,993
5067,674
5068,812
5069,38
5070,135
5071,270
5072,952
5073,405
5074,38
5075,318
5076,474
5077,571
5078,511
5079,465
5080,372
5081,129
5082,796
5083,279
5084,391
5085,711
5086,77
5087,158
5088,720
5089,428
5090,741
5091,854
5092,299
5093,121
5094,182
5095,461
5096,363
5097,932
5098,441
5099,331
5100,725
5101,751
5102,67
5103,143
5104,552
5105,199
5106,552
5107,211
5108,879
5109,732
5110,674
5111,653
5112,146
5113,396
5114,682
5115,529
5116,770
5117,430
5118,190
5119,114
5120,606
5121,804
5122,469
5123,510
5124,439
5125,752
5126,962
5127,896
5128,160
5129,850
5130,891
5131,295
5132,643
5133,316
5134,534
5135,862
5136,6
5137,589
5138,292
5139,718
5140,564
5141,953
5142,974
5143,449
5144,717
5145,648
5146,241
5147,429
5148,496
5149,102
5150,382
5151,496
5152,307
5153,560
5154,758
5155,68
5156,711
5157,852
5158,960
5159,544
5160,113
5161,902
5162,226
5163,203
5164,168
5165,493
5166,634
5167,313
5168,134
5169,318
5170,822
5171,642
5172,400
5173,184
5174,158
5175,781
5176,804
5177,172
5178,145
5179,255
5180,811
5181,464
5182,769
5183,289
5184,130
5185,438
5186,554
5187,818
5188,961
5189,502
5190,436
5191,60
5192,663
5193,103
5194,91
5195,236
5196,690
5197,874
5198,38
5199,23
5200,429
5201,199
5202,100
5203,987
5204,683
5205,505
5206,856
5207,496
5208,5
5209,720
5210,88
5211,956
5212,56
5213,887
5214,195
5215,375
5216,58
5217,894
5218,742
5219,36
5220,5
5221,470
5222,874
5223,1000
5224,687
5225,683
5226,217
5227,451
5228,272
5229,441
5230,465
5231,971
5232,720
5233,293
5234,318
5235,312
5236,341
5237,376
5238,701
5239,684
5240,919
5241,316
5242,559
5243,441
5244,700
5245,928
5246,861
5247,357
5248,514
5249,230
5250,798
5251,929
5252,570
5253,600
5254,752
5255,122
5256,295
5257,685
5258,84
5259,7
5260,39
5261,47
5262,159
5263,908
5264,371
5265,447
5266,559
5267,701
5268,11
5269,176
5270,864
5271,445
5272,257
5273,698
5274,994
5275,119
5276,165
5277,89
5278,395
5279,95
5280,104
5281,542
5282,702
5283,943
5284,376
5285,752
5286,895
5287,715
5288,391
5289,388
5290,465
5291,784
5292,203
5293,332
5294,114
5295,517
5296,235
5297,860
5298,576
5299,842
5300,117
5301,111
5302,680
5303,679
5304,765
5305,183
5306,253
5307,585
5308,90
5309,736
5310,128
5311,722
5312,509
5313,793
5314,158
5315,228
5316,916
5317,466
5318,649
5319,288
5320,797
5321,846
5322,709
5323,351
5324,652
5325,649
5326,233
5327,516
5328,725
5329,51
5330,39
5331,394
5332,734
5333,578
5334,78
5335,752
5336,877
5337,795
5338,727
5339,109
5340,620
5341,313
5342,626
5343,589
5344,639
5345,867
5346,78
5347,133
5348,591
5349,615
5350,922
5351,825
5352,934
5353,242
5354,922
5355,503
5356,424
5357,529
5358,596
5359,392
5360,523
5361,298
5362,321
5363,570
5364,708
5365,152
5366,701
5367,529
5368,934
5369,719
5370,133
5371,292
5372,686
5373,922
5374,750
5375,124
5376,150
5377,369
5378,79
5379,266
5380,747
5381,385
5382,532
5383,652
5384,423
5385,941
5386,55
5387,433
5388,933
5389,120
5390,834
5391,255
5392,974
5393,556
5394,994
5395,449
5396,774
5397,297
5398,156
5399,382
5400,162
5401,245
5402,512
5403,739
5404,136
5405,162
5406,456
5407,396
5408,145
5409,806
5410,430
5411,484
5412,333
5413,475
5414,202
5415,532
5416,95
5417,194
5418,709
5419,501
5420,799
5421,195
5422,807
5423,460
5424,389
5425,798
5426,901
5427,604
5428,876
5429,613
5430,915
5431,921
5432,14
5433,752
5434,628
5435,922
5436,24
5437,879
5438,988
5439,319
5440,663
5441,255
5442,348
5443,323
5444,671
5445,671
5446,83
5447,43
5448,224
5449,983
5450,163
5451,413
5452,424
5453,899
5454,873
5455,498
5456,14
5457,38
5458,571
5459,583
5460,320
5461,54
5462,125
5463,717
5464,212
5465,502
5466,744
5467,513
5468,97
5469,675
5470,809
5471,551
5472,593
5473,43
5474,414
5475,602
5476,248
5477,736
5478,642
5479,708
5480,161
5481,383
5482,275
5483,425
5484,56
5485,790
5486,393
5487,917
5488,541
5489,198
5490,794
5491,57
5492,335
5493,855
5494,486
5495,491
5496,721
5497,79
5498,134
5499,788
5500,738
5501,178
5502,704
5503,316
5504,157
5505,949
5506,729
5507,171
5508,631
5509,693
5510,187
5511,692
5512,774
5513,303
5514,592
5515,831
5516,671
5517,525
5518,804
5519,157
5520,767
5521,481
5522,321
5523,835
5524,343
5525,106
5526,269
5527,247
5528,645
5529,602
5530,265
5531,219
5532,908
5533,825
5534,561
5535,675
5536,556
5537,340
5538,857
5539,584
5540,320
5541,827
5542,935
5543,463
5544,333
5545,161
5546,658
5547,639
5548,67
5549,488
5550,205
5551,670
5552,455
5553,467
5554,24
5555,970
5556,202
5557,186
5558,32
5559,527
5560,367
5561,337
5562,557
5563,935
5564,569
5565,861
5566,425
5567,205
5568,43
5569,61
5570,159
5571,497
5572,246
5573,220
5574,82
5575,441
5576,167
5577,315
5578,65
5579,195
5580,239
5581,157
5582,661
5583,188
5584,411
5585,354
5586,312
5587,187
5588,107
5589,854
5590,760
5591,554
5592,326
5593,560
5594,863
5595,313
5596,792
5597,855
5598,615
5599,761
5600,257
5601,633
5602,681
5603,920
5604,166
5605,840
5606,50
5607,741
5608,320
5609,693
5610,671
5611,898
5612,621
5613,130
5614,43
5615,792
5616,125
5617,823
5618,175
5619,37
5620,935
5621,233
5622,647
5623,46
5624,365
5625,758
5626,703
5627,158
5628,166
5629,292
5630,452
5631,183
5632,877
5633,170
5634,41
5635,680
5636,696
5637,120
5638,722
5639,455
5640,896
5641,821
5642,663
5643,262
5644,777
5645,226
5646,21
5647,479
5648,4
5649,42
5650,675
5651,944
5652,581
5653,377
5654,850
5655,752
5656,555
5657,155
5658,963
5659,779
5660,988
5661,176
5662,876
5663,363
5664,235
5665,24
5666,229
5667,202
5668,610
5669,264
5670,986
5671,446
5672,145
5673,676
5674,305
5675,89
5676,515
5677,128
5678,832
5679,462
5680,485
5681,226
5682,489
5683,715
5684,948
5685,54
5686,78
5687,993
5688,311
5689,274
5690,11
5691,248
5692,997
5693,598
5694,463
5695,49
5696,703
5697,766
5698,775
5699,901
5700,780
5701,997
5702,375
5703,530
5704,337
5705,608
5706,555
5707,182
5708,103
5709,231
5710,937
5711,405
5712,822
5713,487
5714,181
5715,124
5716,694
5717,205
5718,475
5719,841
5720,412
5721,970
5722,684
5723,278
5724,916
5725,167
5726,581
5727,594
5728,499
5729,99
5730,762
5731,549
5732,93
5733,321
5734,990
5735,269
5736,153
5737,574
5738,398
5739,445
5740,507
5741,239
5742,322
5743,894
5744,552
5745,463
5746,405
5747,476
5748,83
5749,126
5750,685
5751,907
5752,753
5753,810
5754,450
5755,794
5756,723
5757,663
5758,684
5759,445
5760,480
5761,31
5762,605
5763,285
5764,219
5765,976
5766,176
5767,300
5768,17
5769,519
5770,492
5771,136
5772,886
5773,652
5774,987
5775,423
5776,495
5777,354
5778,599
5779,830
5780,48
5781,727
5782,646
5783,673
5784,485
5785,769
5786,718
5787,10
5788,13
5789,608
5790,130
5791,360
5792,900
5793,941
5794,536
5795,261
5796,753
5797,541
5798,593
5799,701
5800,848
5801,662
5802,672
5803,21
5804,350
5805,803
5806,990
5807,416
5808,877
5809,826
5810,582
5811,204
5812,716
5813,209
5814,407
5815,235
5816,487
5817,472
5818,623
5819,241
5820,338
5821,110
5822,792
5823,395
5824,404
5825,701
5826,286
5827,782
5828,194
5829,649
5830,146
5831,434
5832,252
5833,314
5834,305
5835,719
5836,998
5837,361
5838,870
5839,14
5840,496
5841,410
5842,954
5843,963
5844,72
5845,678
5846,434
5847,771
5848,224
5849,726
5850,670
5851,417
5852,809
5853,165
5854,676
5855,316
5856,85
5857,752
5858,383
5859,220
5860,236
5861,323
5862,738
5863,221
5864,391
5865,203
5866,95
5867,811
5868,187
5869,6
5870,4
5871,673
5872,938
5873,743
5874,531
5875,302
5876,259
5877,459
5878,493
5879,358
5880,302
5881,692
5882,496
5883,457
5884,491
5885,966
5886,598
5887,257
5888,552
5889,912
5890,21
5891,656
5892,921
5893,796
5894,896
5895,745
5896,249
5897,758
5898,115
5899,73
5900,251
5901,393
5902,610
5903,39
5904,783
5905,573
5906,780
5907,563
5908,372
5909,115
5910,301
5911,11
5912,12
5913,202
5914,259
5915,255
5916,168
5917,553
5918,112
5919,989
5920,880
5921,406
5922,780
5923,153
5924,768
5925,700
5926,803
5927,396
5928,876
5929,542
5930,973
5931,615
5932,534
5933,168
5934,112
5935,19
5936,863
5937,303
5938,385
5939,421
5940,365
5941,556
5942,314
5943,691
5944,964
5945,943
5946,136
5947,360
5948,363
5949,225
5950,386
5951,688
5952,445
5953,665
5954,573
5955,363
5956,513
5957,381
5958,672
5959,988
5960,607
5961,503
5962,105
5963,474
5964,393
5965,432
5966,151
5967,572
5968,887
5969,56
5970,569
5971,984
5972,821
5973,206
5974,73
5975,51
5976,689
5977,173
5978,363
5979,158
5980,53
5981,645
5982,415
5983,950
5984,611
5985,488
5986,497
5987,785
5988,405
5989,483
5990,302
5991,706
5992,965
5993,900
5994,429
5995,491
5996,39
5997,454
5998,583
5999,822
6000,970
6001,432
6002,604
6003,451
6004,390
6005,309
6006,759
6007,963
6008,214
6009,864
6010,128
6011,460
6012,339
6013,357
6014,373
6015,529
6016,37
6017,549
6018,646
6019,445
6020,360
6021,75
6022,843
6023,289
6024,203
6025,124
6026,571
6027,161
6028,29
6029,320
6030,51
6031,481
6032,443
6033,960
6034,737
6035,515
6036,201
6037,943
6038,942
6039,244
6040,677
6041,787
6042,839
6043,605
6044,783
6045,136
6046,322
6047,137
6048,406
6049,138
6050,627
6051,703
6052,339
6053,893
6054,542
6055,260
6056,696
6057,869
6058,693
6059,370
6060,537
6061,917
6062,616
6063,439
6064,12
6065,509
6066,780
6067,561
6068,609
6069,515
6070,497
6071,282
6072,538
6073,425
6074,761
6075,643
6076,781
6077,355
6078,285
6079,412
6080,562
6081,980
6082,797
6083,309
6084,949
6085,899
6086,649
6087,49
6088,821
6089,555
6090,775
6091,43
6092,442
6093,319
6094,53
6095,264
6096,622
6097,96
6098,63
6099,769
6100,333
6101,470
6102,504
6103,311
6104,610
6105,70
6106,559
6107,767
6108,401
6109,955
6110,593
6111,686
6112,934
6113,711
6114,680
6115,112
6116,771
6117,958
6118,618
6119,569
6120,941
6121,723
6122,674
6123,217
6124,87
6125,201
6126,724
6127,121
6128,572
6129,722
6130,936
6131,495
6132,110
6133,175
6134,549
6135,439
6136,156
6137,233
6138,926
6139,431
6140,801
6141,765
6142,973
6143,947
6144,415
6145,467
6146,315
6147,961
6148,278
6149,209
6150,481
6151,899
6152,526
6153,459
6154,724
6155,780
6156,314
6157,552
6158,205
6159,977
6160,43
6161,666
6162,520
6163,269
6164,610
6165,306
6166,375
6167,517
6168,958
6169,193
6170,542
6171,282
6172,382
6173,981
6174,187
6175,433
6176,406
6177,615
6178,424
6179,229
6180,740
6181,168
6182,988
6183,363
6184,966
6185,267
6186,143
6187,657
6188,57
6189,170
6190,470
6191,793
6192,570
6193,769
6194,997
6195,173
6196,283
6197,389
6198,709
6199,960
6200,534
6201,660
6202,956
6203,90
6204,828
6205,447
6206,826
6207,703
6208,742
6209,470
6210,913
6211,584
6212,973
6213,185
6214,939
6215,828
6216,764
6217,936
6218,10
6219,310
6220,818
6221,285
6222,146
6223,910
6224,325
6225,798
6226,206
6227,11
6228,913
6229,784
6230,25
6231,356
6232,58
6233,94
6234,568
6235,256
6236,918
6237,605
6238,727
6239,29
6240,14
6241,433
6242,325
6243,717
6244,346
6245,836
6246,678
6247,226
6248,323
6249,865
6250,851
6251,783
6252,62
6253,10
6254,721
6255,647
6256,356
6257,154
6258,341
6259,429
6260,938
6261,978
6262,210
6263,140
6264,877
6265,280
6266,99
6267,458
6268,606
6269,305
6270,471
6271,939
6272,21
6273,98
6274,919
6275,170
6276,540
6277,260
6278,715
6279,56
6280,965
6281,883
6282,718
6283,125
6284,390
6285,615
6286,97
6287,375
6288,694
6289,310
6290,625
6291,964
6292,831
6293,649
6294,591
6295,552
6296,124
6297,592
6298,941
6299,51
6300,110
6301,632
6302,806
6303,163
6304,671
6305,720
6306,691
6307,616
6308,544
6309,517
6310,654
6311,42
6312,353
6313,144
6314,651
6315,430
6316,547
6317,748
6318,469
6319,903
6320,44
6321,927
6322,899
6323,409
6324,351
6325,140
6326,920
6327,58
6328,835
6329,988
6330,835
6331,844
6332,989
6333,141
6334,278
6335,459
6336,166
6337,241
6338,710
6339,105
6340,99
6341,162
6342,745
6343,910
6344,970
6345,456
6346,992
6347,193
6348,602
6349,934
6350,202
6351,309
6352,36
6353,536
6354,182
6355,167
6356,165
6357,748
6358,322
6359,812
6360,211
6361,668
6362,305
6363,643
6364,574
6365,816
6366,200
6367,362
6368,331
6369,973
6370,160
6371,957
6372,512
6373,397
6374,181
6375,541
6376,980
6377,67
6378,617
6379,36
6380,733
6381,933
6382,281
6383,344
6384,815
6385,391
6386,349
6387,788
6388,114
6389,504
6390,912
6391,11
6392,913
6393,606
6394,21
6395,560
6396,532
6397,134
6398,257
6399,133
6400,82
6401,196
6402,165
6403,331
6404,530
6405,292
6406,345
6407,223
6408,31
6409,453
6410,429
6411,951
6412,282
6413,901
6414,573
6415,223
6416,378
6417,721
6418,696
6419,563
6420,578
6421,592
6422,652
6423,841
6424,999
6425,416
6426,953
6427,435
6428,530
6429,198
6430,811
6431,893
6432,746
6433,355
6434,22
6435,13
6436,588
6437,467
6438,931
6439,464
6440,286
6441,66
6442,752
6443,963
6444,847
6445,87
6446,725
6447,901
6448,511
6449,899
6450,803
6451,440
6452,624
6453,198
6454,271
6455,821
6456,611
6457,947
6458,148
6459,798
6460,505
6461,861
6462,639
6463,231
6464,797
6465,610
6466,694
6467,955
6468,734
6469,331
6470,353
6471,670
6472,692
6473,426
6474,700
6475,951
6476,354
6477,529
6478,956
6479,309
6480,559
6481,938
6482,766
6483,455
6484,664
6485,282
6486,231
6487,315
6488,711
6489,176
6490,162
6491,137
6492,882
6493,628
6494,446
6495,378
6496,259
6497,117
6498,932
6499,225
6500,754
6501,951
6502,74
6503,371
6504,854
6505,468
6506,780
6507,646
6508,406
6509,374
6510,288
6511,848
6512,533
6513,761
6514,364
6515,431
6516,567
6517,633
6518,582
6519,170
6520,824
6521,885
6522,53
6523,382
6524,553
6525,474
6526,837
6527,655
6528,695
6529,557
6530,275
6531,483
6532,109
6533,359
6534,832
6535,977
6536,491
6537,511
6538,887
6539,823
6540,790
6541,564
6542,127
6543,439
6544,694
6545,762
6546,907
6547,954
6548,236
6549,925
6550,680
6551,838
6552,999
6553,269
6554,569
6555,405
6556,629
6557,349
6558,783
6559,61
6560,94
6561,441
6562,537
6563,37
6564,869
6565,253
6566,474
6567,97
6568,116
6569,183
6570,190
6571,609
6572,695
6573,641
6574,169
6575,976
6576,914
6577,445
6578,575
6579,355
6580,762
6581,768
6582,726
6583,990
6584,848
6585,764
6586,604
6587,418
6588,277
6589,597
6590,660
6591,151
6592,611
6593,602
6594,144
6595,784
6596,395
6597,815
6598,57
6599,108
6600,201
6601,531
6602,632
6603,738
6604,726
6605,690
6606,276
6607,650
6608,171
6609,239
6610,282
6611,648
6612,801
6613,100
6614,346
6615,942
6616,697
6617,6
6618,563
6619,639
6620,23
6621,698
6622,217
6623,709
6624,861
6625,868
6626,883
6627,385
6628,159
6629,349
6630,283
6631,660
6632,367
6633,301
6634,336
6635,682
6636,450
6637,139
6638,132
6639,732
6640,947
6641,220
6642,147
6643,239
6644,614
6645,738
6646,213
6647,366
6648,673
6649,652
6650,704
6651,334
6652,211
6653,640
6654,653
6655,321
6656,268
6657,870
6658,446
6659,860
6660,214
6661,261
6662,888
6663,788
6664,519
6665,192
6666,436
6667,436
6668,266
6669,614
6670,70
6671,150
6672,719
6673,794
6674,238
6675,748
6676,554
6677,202
6678,874
6679,667
6680,189
6681,988
6682,108
6683,93
6684,448
6685,895
6686,804
6687,233
6688,340
6689,256
6690,307
6691,649
6692,252
6693,802
6694,994
6695,637
6696,489
6697,113
6698,913
6699,376
6700,626
6701,467
6702,173
6703,88
6704,809
6705,973
6706,274
6707,602
6708,209
6709,909
6710,447
6711,200
6712,625
6713,23
6714,198
6715,360
6716,448
6717,9
6718,554
6719,827
6720,515
6721,460
6722,617
6723,163
6724,10
6725,934
6726,733
6727,282
6728,644
6729,186
6730,457
6731,430
6732,279
6733,337
6734,700
6735,13
6736,47
6737,565
6738,281
6739,699
6740,773
6741,736
6742,622
6743,679
6744,413
6745,858
6746,587
6747,569
6748,274
6749,257
6750,327
6751,931
6752,566
6753,191
6754,588
6755,647
6756,635
6757,303
6758,489
6759,953
6760,940
6761,460
6762,473
6763,932
6764,541
6765,202
6766,438
6767,253
6768,763
6769,3
6770,489
6771,37
6772,615
6773,930
6774,63
6775,882
6776,980
6777,500
6778,27
6779,401
6780,299
6781,544
6782,489
6783,256
6784,658
6785,14
6786,560
6787,957
6788,832
6789,295
6790,103
6791,696
6792,52
6793,517
6794,707
6795,625
6796,377
6797,361
6798,332
6799,749
6800,73
6801,496
6802,328
6803,618
6804,615
6805,632
6806,698
6807,635
6808,398
6809,888
6810,558
6811,792
6812,566
6813,101
6814,334
6815,443
6816,610
6817,26
6818,685
6819,703
6820,324
6821,945
6822,974
6823,306
6824,706
6825,773
6826,128
6827,279
6828,228
6829,773
6830,683
6831,69
6832,770
6833,667
6834,646
6835,245
6836,471
6837,219
6838,781
6839,331
6840,424
6841,465
6842,495
6843,812
6844,784
6845,671
6846,629
6847,935
6848,174
6849,13
6850,266
6851,810
6852,699
6853,608
6854,260
6855,76
6856,631
6857,952
6858,904
6859,202
6860,320
6861,986
6862,925
6863,907
6864,963
6865,553
6866,507
6867,611
6868,122
6869,30
6870,332
6871,401
6872,742
6873,172
6874,730
6875,480
6876,631
6877,972
6878,967
6879,198
6880,596
6881,874
6882,607
6883,713
6884,555
6885,15
6886,940
6887,546
6888,426
6889,950
6890,430
6891,648
6892,179
6893,887
6894,677
6895,812
6896,746
6897,595
6898,883
6899,274
6900,758
6901,298
6902,369
6903,104
6904,183
6905,783
6906,636
6907,449
6908,71
6909,838
6910,354
6911,712
6912,829
6913,552
6914,142
6915,278
6916,394
6917,476
6918,896
6919,501
6920,14
6921,636
6922,10
6923,575
6924,189
6925,161
6926,277
6927,272
6928,486
6929,366
6930,492
6931,899
6932,701
6933,670
6934,723
6935,576
6936,943
6937,100
6938,920
6939,559
6940,164
6941,328
6942,372
6943,18
6944,880
6945,801
6946,442
6947,412
6948,537
6949,37
6950,509
6951,402
6952,413
6953,92
6954,40
6955,855
6956,472
6957,574
6958,703
6959,74
6960,225
6961,256
6962,86
6963,809
6964,271
6965,936
6966,978
6967,912
6968,775
6969,940
6970,593
6971,347
6972,919
6973,562
6974,618
6975,305
6976,125
6977,214
6978,282
6979,482
6980,440
6981,520
6982,438
6983,866
6984,940
6985,773
6986,185
6987,699
6988,169
6989,579
6990,238
6991,554
6992,26
6993,814
6994,617
6995,684
6996,678
6997,668
6998,537
6999,521
7000,501
7001,401
7002,911
7003,307
7004,273
7005,669
7006,803
7007,308
7008,305
7009,951
7010,613
7011,778
7012,892
7013,354
7014,406
7015,183
7016,190
7017,864
7018,172
7019,822
7020,344
7021,330
7022,199
7023,743
7024,208
7025,477
7026,206
7027,632
7028,65
7029,543
7030,399
7031,49
7032,592
7033,962
7034,293
7035,648
7036,283
7037,387
7038,742
7039,13
7040,942
7041,926
7042,329
7043,305
7044,341
7045,909
7046,633
7047,261
7048,609
7049,436
7050,310
7051,225
7052,926
7053,200
7054,463
7055,749
7056,74
7057,130
7058,830
7059,651
7060,405
7061,538
7062,614
7063,201
7064,809
7065,212
7066,369
7067,179
7068,763
7069,571
7070,746
7071,953
7072,717
7073,23
7074,998
7075,728
7076,251
7077,126
7078,790
7079,836
7080,495
7081,797
7082,113
7083,48
7084,879
7085,815
7086,120
7087,165
7088,218
7089,442
7090,975
7091,578
7092,476
7093,182
7094,120
7095,378
7096,904
7097,864
7098,113
7099,240
7100,686
7101,513
7102,202
7103,509
7104,604
7105,362
7106,69
7107,625
7108,94
7109,293
7110,509
7111,25
7112,371
7113,627
7114,753
7115,723
7116,854
7117,939
7118,144
7119,745
7120,916
7121,732
7122,456
7123,811
7124,134
7125,363
7126,611
7127,431
7128,369
7129,111
7130,643
7131,424
7132,644
7133,248
7134,996
7135,852
7136,610
7137,343
7138,119
7139,420
7140,681
7141,540
7142,182
7143,420
7144,71
7145,206
7146,289
7147,448
7148,489
7149,951
7150,286
7151,682
7152,279
7153,506
7154,312
7155,23
7156,271
7157,91
7158,182
7159,724
7160,917
7161,292
7162,35
7163,168
7164,411
7165,699
7166,156
7167,175
7168,227
7169,235
7170,990
7171,745
7172,140
7173,447
7174,349
7175,800
7176,856
7177,876
7178,192
7179,92
7180,798
7181,989
7182,750
7183,26
7184,766
7185,516
7186,935
7187,992
7188,952
7189,788
7190,477
7191,308
7192,196
7193,555
7194,998
7195,470
7196,40
7197,983
7198,45
7199,909
7200,735
7201,73
7202,196
7203,546
7204,586
7205,512
7206,298
7207,62
7208,366
7209,969
7210,417
7211,710
7212,951
7213,850
7214,709
7215,326
7216,752
7217,602
7218,819
7219,597
7220,711
7221,251
7222,318
7223,361
7224,714
7225,213
7226,237
7227,980
7228,341
7229,15
7230,80
7231,341
7232,172
7233,876
7234,456
7235,255
7236,562
7237,277
7238,501
7239,405
7240,100
7241,483
7242,201
7243,731
7244,270
7245,557
7246,360
7247,774
7248,792
7249,230
7250,557
7251,700
7252,923
7253,450
7254,94
7255,487
7256,174
7257,871
7258,240
7259,37
7260,266
7261,917
7262,27
7263,368
7264,413
7265,416
7266,578
7267,586
7268,631
7269,671
7270,579
7271,686
7272,382
7273,972
7274,588
7275,420
7276,371
7277,179
7278,778
7279,290
7280,270
7281,215
7282,159
7283,269
7284,783
7285,351
7286,673
7287,54
7288,316
7289,667
7290,744
7291,306
7292,916
7293,765
7294,411
7295,823
7296,261
7297,814
7298,526
7299,661
7300,628
7301,212
7302,407
7303,143
7304,628
7305,701
7306,899
7307,995
7308,346
7309,648
7310,308
7311,940
7312,717
7313,584
7314,555
7315,582
7316,582
7317,37
7318,936
7319,679
7320,515
7321,618
7322,167
7323,435
7324,364
7325,408
7326,327
7327,144
7328,321
7329,528
7330,28
7331,465
7332,406
7333,784
7334,555
7335,819
7336,8
7337,949
7338,67
7339,994
7340,454
7341,995
7342,436
7343,317
7344,659
7345,866
7346,748
7347,598
7348,374
7349,481
7350,277
7351,298
7352,235
7353,873
7354,721
7355,201
7356,780
7357,205
7358,907
7359,981
7360,295
7361,19
7362,933
7363,415
7364,741
7365,562
7366,363
7367,845
7368,10
7369,238
7370,791
7371,964
7372,649
7373,838
7374,950
7375,249
7376,810
7377,322
7378,559
7379,555
7380,763
7381,741
7382,318
7383,125
7384,3
7385,547
7386,90
7387,53
7388,81
7389,771
7390,561
7391,145
7392,524
7393,567
7394,999
7395,628
7396,172
7397,901
7398,585
7399,639
7400,633
7401,916
7402,577
7403,443
7404,655
7405,661
7406,896
7407,820
7408,386
7409,562
7410,319
7411,550
7412,147
7413,318
7414,994
7415,65
7416,467
7417,790
7418,940
7419,497
7420,445
7421,762
7422,342
7423,292
7424,949
7425,762
7426,368
7427,345
7428,828
7429,143
7430,101
7431,124
7432,58
7433,109
7434,277
7435,571
7436,974
7437,445
7438,848
7439,791
7440,460
7441,246
7442,737
7443,992
7444,768
7445,438
7446,790
7447,473
7448,843
7449,862
7450,557
7451,293
7452,591
7453,225
7454,980
7455,232
7456,739
7457,1
7458,917
7459,825
7460,366
7461,749
7462,837
7463,757
7464,504
7465,36
7466,571
7467,218
7468,598
7469,406
7470,841
7471,517
7472,240
7473,294
7474,235
7475,622
7476,894
7477,679
7478,55
7479,52
7480,145
7481,527
7482,576
7483,146
7484,115
7485,655
7486,225
7487,481
7488,741
7489,329
7490,628
7491,165
7492,900
7493,939
7494,426
7495,66
7496,945
7497,725
7498,712
7499,69
7500,617
7501,328
7502,188
7503,869
7504,336
7505,84
7506,833
7507,868
7508,380
7509,952
7510,436
7511,95
7512,168
7513,787
7514,787
7515,511
7516,947
7517,827
7518,398
7519,841
7520,19
7521,453
7522,209
7523,590
7524,716
7525,419
7526,429
7527,561
7528,241
7529,710
7530,547
7531,528
7532,757
7533,969
7534,450
7535,680
7536,482
7537,443
7538,461
7539,982
7540,191
7541,146
7542,252
7543,444
7544,484
7545,214
7546,252
7547,516
7548,518
7549,522
7550,4
7551,898
7552,886
7553,174
7554,240
7555,14
7556,624
7557,110
7558,201
7559,771
7560,21
7561,724
7562,381
7563,379
7564,504
7565,529
7566,330
7567,322
7568,764
7569,423
7570,940
7571,814
7572,429
7573,572
7574,983
7575,356
7576,987
7577,171
7578,842
7579,205
7580,787
7581,930
7582,183
7583,590
7584,139
7585,799
7586,83
7587,762
7588,962
7589,460
7590,355
7591,543
7592,857
7593,171
7594,541
7595,446
7596,738
7597,428
7598,778
7599,785
7600,261
7601,99
7602,68
7603,924
7604,271
7605,25
7606,588
7607,625
7608,469
7609,919
7610,855
7611,865
7612,139
7613,414
7614,408
7615,361
7616,61
7617,34
7618,413
7619,29
7620,338
7621,380
7622,813
7623,499
7624,194
7625,34
7626,122
7627,585
7628,379
7629,827
7630,668
7631,92
7632,902
7633,671
7634,313
7635,986
7636,198
7637,409
7638,220
7639,829
7640,460
7641,291
7642,402
7643,469
7644,906
7645,417
7646,872
7647,352
7648,61
7649,464
7650,464
7651,218
7652,198
7653,511
7654,670
7655,126
7656,525
7657,458
7658,300
7659,435
7660,745
7661,717
7662,707
7663,749
7664,771
7665,158
7666,33
7667,771
7668,571
7669,199
7670,603
7671,529
7672,561
7673,728
7674,222
7675,622
7676,933
7677,578
7678,533
7679,91
7680,331
7681,633
7682,314
7683,752
7684,578
7685,760
7686,57
7687,903
7688,5
7689,956
7690,568
7691,928
7692,208
7693,370
7694,767
7695,762
7696,337
7697,726
7698,168
7699,994
7700,432
7701,813
7702,764
7703,105
7704,66
7705,682
7706,499
7707,631
7708,971
7709,770
7710,85
7711,169
7712,203
7713,719
7714,592
7715,740
7716,721
7717,698
7718,902
7719,230
7720,853
7721,75
7722,618
7723,756
7724,476
7725,812
7726,637
7727,559
7728,315
7729,602
7730,617
7731,194
7732,999
7733,447
7734,893
7735,271
7736,658
7737,929
7738,392
7739,559
7740,446
7741,747
7742,747
7743,322
7744,946
7745,458
7746,796
7747,369
7748,201
7749,949
7750,374
7751,976
7752,402
7753,927
7754,388
7755,367
7756,459
7757,926
7758,524
7759,773
7760,615
7761,693
7762,939
7763,103
7764,52
7765,939
7766,956
7767,464
7768,38
7769,695
7770,80
7771,364
7772,409
7773,126
7774,526
7775,15
7776,769
7777,220
7778,231
7779,504
7780,916
7781,915
7782,642
7783,81
7784,226
7785,771
7786,381
7787,916
7788,378
7789,95
7790,837
7791,870
7792,62
7793,818
7794,751
7795,858
7796,702
7797,743
7798,168
7799,237
7800,967
7801,729
7802,339
7803,910
7804,901
7805,276
7806,406
7807,268
7808,344
7809,427
7810,246
7811,38
7812,745
7813,491
7814,62
7815,905
7816,196
7817,563
7818,787
7819,997
7820,723
7821,730
7822,59
7823,270
7824,394
7825,703
7826,558
7827,619
7828,959
7829,181
7830,197
7831,523
7832,359
7833,787
7834,759
7835,726
7836,97
7837,230
7838,200
7839,16
7840,606
7841,137
7842,90
7843,702
7844,894
7845,518
7846,901
7847,273
7848,49
7849,938
7850,696
7851,890
7852,9
7853,134
7854,480
7855,43
7856,268
7857,980
7858,784
7859,984
7860,501
7861,558
7862,937
7863,954
7864,356
7865,846
7866,701
7867,504
7868,69
7869,657
7870,434
7871,316
7872,473
7873,684
7874,444
7875,973
7876,668
7877,1
7878,969
7879,209
7880,993
7881,615
7882,603
7883,655
7884,42
7885,960
7886,428
7887,398
7888,328
7889,931
7890,231
7891,633
7892,330
7893,43
7894,198
7895,767
7896,526
7897,826
7898,386
7899,307
7900,361
7901,172
7902,264
7903,693
7904,352
7905,625
7906,932
7907,372
7908,741
7909,159
7910,649
7911,426
7912,195
7913,688
7914,329
7915,361
7916,40
7917,446
7918,974
7919,935
7920,769
7921,548
7922,218
7923,758
7924,668
7925,7
7926,156
7927,334
7928,136
7929,121
7930,86
7931,479
7932,334
7933,935
7934,348
7935,824
7936,811
7937,54
7938,579
7939,782
7940,70
7941,380
7942,546
7943,486
7944,448
7945,169
7946,1000
7947,132
7948,243
7949,650
7950,48
7951,913
7952,668
7953,422
7954,337
7955,537
7956,31
7957,611
7958,166
7959,997
7960,630
7961,990
7962,110
7963,382
7964,128
7965,789
7966,382
7967,831
7968,470
7969,602
7970,918
7971,59
7972,480
7973,482
7974,438
7975,36
7976,960
7977,16
7978,212
7979,757
7980,503
7981,342
7982,178
7983,714
7984,343
7985,525
7986,208
7987,809
7988,667
7989,996
7990,479
7991,91
7992,411
7993,271
7994,687
7995,644
7996,645
7997,431
7998,495
7999,888
8000,853
8001,122
8002,749
8003,533
8004,807
8005,746
8006,513
8007,183
8008,905
8009,633
8010,76
8011,150
8012,765
8013,511
8014,962
8015,131
8016,853
8017,279
8018,102
8019,324
8020,518
8021,645
8022,654
8023,687
8024,519
8025,347
8026,855
8027,169
8028,873
8029,894
8030,238
8031,13
8032,520
8033,417
8034,88
8035,425
8036,906
8037,278
8038,167
8039,895
8040,742
8041,956
8042,875
8043,783
8044,427
8045,1000
8046,112
8047,151
8048,747
8049,950
8050,497
8051,188
8052,650
8053,350
8054,237
8055,185
8056,796
8057,684
8058,966
8059,389
8060,434
8061,73
8062,285
8063,417
8064,264
8065,86
8066,509
8067,554
8068,240
8069,264
8070,16
8071,602
8072,594
8073,939
8074,389
8075,737
8076,928
8077,439
8078,291
8079,628
8080,78
8081,709
8082,88
8083,937
8084,256
8085,473
8086,824
8087,343
8088,368
8089,359
8090,279
8091,852
8092,887
8093,913
8094,945
8095,919
8096,238
8097,130
8098,189
8099,495
8100,146
8101,314
8102,197
8103,63
8104,648
8105,429
8106,970
8107,501
8108,21
8109,203
8110,167
8111,959
8112,511
8113,949
8114,617
8115,628
8116,322
8117,740
8118,506
8119,192
8120,952
8121,293
8122,202
8123,16
8124,132
8125,125
8126,880
8127,722
8128,578
8129,891
8130,139
8131,57
8132,862
8133,450
8134,445
8135,211
8136,637
8137,840
8138,188
8139,133
8140,875
8141,87
8142,403
8143,515
8144,637
8145,36
8146,629
8147,543
8148,133
8149,709
8150,689
8151,969
8152,956
8153,294
8154,880
8155,679
8156,18
8157,995
8158,764
8159,321
8160,706
8161,284
8162,954
8163,202
8164,577
8165,1
8166,587
8167,321
8168,319
8169,82
8170,580
8171,878
8172,848
8173,554
8174,422
8175,208
8176,333
8177,317
8178,215
8179,805
8180,224
8181,920
8182,401
8183,93
8184,216
8185,845
8186,721
8187,555
8188,902
8189,153
8190,231
8191,518
8192,316
8193,954
8194,849
8195,407
8196,613
8197,608
8198,731
8199,492
8200,656
8201,304
8202,406
8203,327
8204,73
8205,840
8206,493
8207,565
8208,952
8209,984
8210,601
8211,773
8212,558
8213,187
8214,880
8215,120
8216,551
8217,327
8218,600
8219,125
8220,129
8221,552
8222,461
8223,146
8224,56
8225,272
8226,883
8227,468
8228,745
8229,363
8230,807
8231,566
8232,925
8233,696
8234,39
8235,721
8236,533
8237,759
8238,678
8239,133
8240,826
8241,868
8242,739
8243,94
8244,640
8245,976
8246,739
8247,936
8248,765
8249,431
8250,632
8251,216
8252,252
8253,121
8254,234
8255,857
8256,784
8257,836
8258,223
8259,303
8260,890
8261,271
8262,338
8263,356
8264,177
8265,504
8266,328
8267,421
8268,222
8269,709
8270,473
8271,421
8272,183
8273,545
8274,287
8275,394
8276,172
8277,401
8278,821
8279,899
8280,48
8281,163
8282,725
8283,996
8284,556
8285,373
8286,423
8287,12
8288,377
8289,504
8290,522
8291,694
8292,947
8293,648
8294,988
8295,270
8296,93
8297,868
8298,839
8299,595
8300,745
8301,699
8302,70
8303,745
8304,906
8305,305
8306,934
8307,184
8308,502
8309,415
8310,140
8311,829
8312,238
8313,268
8314,297
8315,407
8316,280
8317,52
8318,481
8319,168
8320,334
8321,341
8322,65
8323,115
8324,641
8325,798
8326,644
8327,315
8328,688
8329,209
8330,194
8331,192
8332,472
8333,305
8334,411
8335,955
8336,253
8337,984
8338,227
8339,436
8340,908
8341,35
8342,766
8343,141
8344,712
8345,700
8346,396
8347,457
8348,366
8349,463
8350,939
8351,105
8352,192
8353,976
8354,373
8355,320
8356,388
8357,702
8358,209
8359,204
8360,428
8361,587
8362,654
8363,32
8364,415
8365,593
8366,362
8367,397
8368,254
8369,179
8370,238
8371,838
8372,747
8373,344
8374,458
8375,353
8376,422
8377,293
8378,327
8379,547
8380,524
8381,35
8382,182
8383,917
8384,52
8385,962
8386,694
8387,249
8388,7
8389,922
8390,594
8391,702
8392,215
8393,301
8394,136
8395,433
8396,515
8397,372
8398,904
8399,735
8400,579
8401,203
8402,448
8403,596
8404,732
8405,893
8406,717
8407,411
8408,610
8409,193
8410,439
8411,914
8412,3
8413,532
8414,803
8415,659
8416,316
8417,828
8418,310
8419,960
8420,582
8421,831
8422,974
8423,471
8424,825
8425,347
8426,30
8427,508
8428,918
8429,852
8430,999
8431,561
8432,217
8433,337
8434,440
8435,633
8436,85
8437,320
8438,630
8439,575
8440,166
8441,404
8442,634
8443,495
8444,241
8445,753
8446,405
8447,897
8448,294
8449,533
8450,935
8451,797
8452,807
8453,65
8454,832
8455,60
8456,240
8457,843
8458,786
8459,809
8460,537
8461,367
8462,918
8463,665
8464,64
8465,659
8466,584
8467,264
8468,465
8469,152
8470,180
8471,515
8472,23
8473,840
8474,481
8475,809
8476,345
8477,93
8478,183
8479,730
8480,112
8481,416
8482,707
8483,804
8484,592
8485,891
8486,552
8487,701
8488,932
8489,659
8490,109
8491,498
8492,531
8493,297
8494,716
8495,778
8496,525
8497,333
8498,624
8499,837
8500,790
8501,655
8502,238
8503,660
8504,992
8505,60
8506,435
8507,869
8508,617
8509,723
8510,20
8511,407
8512,453
8513,965
8514,754
8515,750
8516,32
8517,131
8518,747
8519,602
8520,218
8521,558
8522,864
8523,644
8524,179
8525,965
8526,84
8527,120
8528,399
8529,352
8530,549
8531,789
8532,658
8533,709
8534,997
8535,418
8536,899
8537,776
8538,216
8539,127
8540,172
8541,386
8542,279
8543,859
8544,379
8545,56
8546,891
8547,523
8548,76
8549,16
8550,756
8551,487
8552,449
8553,673
8554,794
8555,61
8556,353
8557,660
8558,82
8559,885
8560,69
8561,902
8562,798
8563,466
8564,398
8565,243
8566,245
8567,149
8568,743
8569,714
8570,158
8571,127
8572,973
8573,227
8574,710
8575,631
8576,539
8577,31
8578,103
8579,682
8580,369
8581,713
8582,224
8583,634
8584,636
8585,348
8586,319
8587,479
8588,563
8589,717
8590,765
8591,484
8592,71
8593,967
8594,499
8595,972
8596,230
8597,123
8598,807
8599,662
8600,588
8601,96
8602,610
8603,672
8604,367
8605,595
8606,808
8607,372
8608,737
8609,446
8610,959
8611,391
8612,453
8613,784
8614,907
8615,851
8616,413
8617,727
8618,158
8619,554
8620,889
8621,621
8622,8
8623,737
8624,980
8625,392
8626,141
8627,987
8628,248
8629,228
8630,49
8631,240
8632,742
8633,403
8634,678
8635,51
8636,466
8637,57
8638,843
8639,722
8640,702
8641,276
8642,477
8643,91
8644,138
8645,577
8646,15
8647,580
8648,206
8649,582
8650,835
8651,393
8652,217
8653,582
8654,23
8655,857
8656,330
8657,462
8658,18
8659,958
8660,702
8661,542
8662,141
8663,416
8664,733
8665,259
8666,451
8667,195
8668,439
8669,732
8670,249
8671,325
8672,257
8673,547
8674,13
8675,780
8676,422
8677,689
8678,418
8679,932
8680,683
8681,755
8682,874
8683,248
8684,780
8685,607
8686,692
8687,30
8688,201
8689,841
8690,920
8691,299
8692,466
8693,138
8694,141
8695,782
8696,417
8697,320
8698,363
8699,662
8700,627
8701,54
8702,264
8703,775
8704,120
8705,126
8706,717
8707,900
8708,344
8709,319
8710,552
8711,128
8712,495
8713,714
8714,838
8715,504
8716,544
8717,26
8718,936
8719,951
8720,643
8721,927
8722,447
8723,132
8724,876
8725,69
8726,923
8727,293
8728,867
8729,309
8730,111
8731,265
8732,866
8733,831
8734,801
8735,935
8736,660
8737,495
8738,641
8739,439
8740,20
8741,40
8742,820
8743,788
8744,915
8745,985
8746,53
8747,240
8748,812
8749,998
8750,571
8751,403
8752,656
8753,222
8754,408
8755,382
8756,689
8757,840
8758,562
8759,387
8760,785
8761,950
8762,939
8763,236
8764,696
8765,76
8766,711
8767,775
8768,106
8769,499
8770,141
8771,282
8772,400
8773,6
8774,318
8775,372
8776,250
8777,505
8778,140
8779,478
8780,468
8781,957
8782,578
8783,128
8784,400
8785,91
8786,86
8787,694
8788,745
8789,202
8790,613
8791,337
8792,958
8793,533
8794,809
8795,171
8796,993
8797,29
8798,762
8799,115
8800,30
8801,969
8802,569
8803,648
8804,455
8805,178
8806,87
8807,952
8808,125
8809,813
8810,180
8811,998
8812,387
8813,164
8814,756
8815,511
8816,167
8817,442
8818,214
8819,956
8820,777
8821,613
8822,826
8823,709
8824,224
8825,500
8826,472
8827,897
8828,126
8829,443
8830,424
8831,658
8832,746
8833,542
8834,522
8835,376
8836,604
8837,653
8838,757
8839,274
8840,461
8841,691
8842,952
8843,546
8844,993
8845,748
8846,934
8847,713
8848,396
8849,977
8850,331
8851,640
8852,71
8853,771
8854,523
8855,595
8856,601
8857,482
8858,97
8859,302
8860,869
8861,221
8862,412
8863,305
8864,414
8865,272
8866,596
8867,553
8868,380
8869,116
8870,15
8871,300
8872,342
8873,643
8874,976
8875,540
8876,695
8877,550
8878,205
8879,526
8880,333
8881,935
8882,712
8883,973
8884,503
8885,541
8886,82
8887,929
8888,7
8889,485
8890,857
8891,240
8892,194
8893,894
8894,995
8895,755
8896,494
8897,957
8898,831
8899,565
8900,336
8901,110
8902,180
8903,638
8904,5
8905,397
8906,200
8907,224
8908,521
8909,179
8910,21
8911,948
8912,799
8913,232
8914,661
8915,839
8916,779
8917,999
8918,762
8919,518
8920,768
8921,73
8922,227
8923,655
8924,91
8925,561
8926,776
8927,348
8928,196
8929,245
8930,705
8931,424
8932,72
8933,458
8934,848
8935,605
8936,726
8937,679
8938,589
8939,732
8940,984
8941,856
8942,495
8943,634
8944,593
8945,625
8946,318
8947,559
8948,768
8949,769
8950,766
8951,67
8952,546
8953,258
8954,305
8955,378
8956,482
8957,679
8958,135
8959,294
8960,979
8961,503
8962,735
8963,800
8964,44
8965,849
8966,981
8967,182
8968,44
8969,151
8970,36
8971,166
8972,749
8973,102
8974,935
8975,157
8976,838
8977,625
8978,744
8979,407
8980,32
8981,302
8982,860
8983,236
8984,189
8985,444
8986,980
8987,714
8988,163
8989,288
8990,663
8991,188
8992,788
8993,825
8994,101
8995,728
8996,694
8997,204
8998,50
8999,148
9000,873
9001,259
9002,286
9003,731
9004,391
9005,15
9006,59
9007,90
9008,21
9009,400
9010,426
9011,655
9012,663
9013,407
9014,480
9015,170
9016,803
9017,300
9018,364
9019,646
9020,718
9021,714
9022,841
9023,545
9024,269
9025,483
9026,448
9027,719
9028,565
9029,511
9030,678
9031,944
9032,140
9033,186
9034,439
9035,892
9036,80
9037,249
9038,534
9039,744
9040,747
9041,537
9042,321
9043,38
9044,987
9045,140
9046,237
9047,623
9048,92
9049,479
9050,701
9051,950
9052,217
9053,700
9054,504
9055,275
9056,912
9057,419
9058,982
9059,270
9060,579
9061,801
9062,565
9063,344
9064,252
9065,873
9066,538
9067,240
9068,321
9069,18
9070,560
9071,877
9072,446
9073,949
9074,43
9075,373
9076,475
9077,418
9078,365
9079,407
9080,807
9081,857
9082,861
9083,297
9084,721
9085,922
9086,835
9087,885
9088,589
9089,140
9090,980
9091,489
9092,805
9093,289
9094,543
9095,747
9096,873
9097,537
9098,825
9099,227
9100,649
9101,365
9102,596
9103,344
9104,777
9105,259
9106,120
9107,867
9108,447
9109,666
9110,21
9111,919
9112,519
9113,480
9114,455
9115,24
9116,529
9117,393
9118,315
9119,814
9120,263
9121,666
9122,789
9123,382
9124,886
9125,763
9126,739
9127,704
9128,688
9129,5
9130,678
9131,116
9132,851
9133,414
9134,410
9135,780
9136,709
9137,856
9138,972
9139,739
9140,36
9141,80
9142,353
9143,323
9144,438
9145,823
9146,602
9147,351
9148,621
9149,301
9150,123
9151,476
9152,551
9153,482
9154,151
9155,622
9156,425
9157,488
9158,40
9159,636
9160,983
9161,133
9162,28
9163,864
9164,13
9165,743
9166,233
9167,944
9168,328
9169,175
9170,811
9171,619
9172,287
9173,964
9174,430
9175,251
9176,622
9177,816
9178,844
9179,28
9180,987
9181,657
9182,658
9183,975
9184,329
9185,550
9186,946
9187,266
9188,128
9189,520
9190,7
9191,541
9192,731
9193,622
9194,172
9195,901
9196,965
9197,295
9198,46
9199,868
9200,860
9201,562
9202,179
9203,555
9204,685
9205,83
9206,745
9207,440
9208,484
9209,976
9210,139
9211,421
9212,183
9213,649
9214,318
9215,910
9216,976
9217,173
9218,450
9219,65
9220,706
9221,750
9222,411
9223,295
9224,161
9225,324
9226,96
9227,713
9228,33
9229,360
9230,854
9231,492
9232,17
9233,683
9234,753
9235,508
9236,385
9237,749
9238,846
9239,863
9240,263
9241,378
9242,248
9243,436
9244,695
9245,685
9246,904
9247,519
9248,627
9249,711
9250,253
9251,146
9252,724
9253,266
9254,504
9255,762
9256,231
9257,572
9258,70
9259,650
9260,842
9261,83
9262,12
9263,437
9264,426
9265,341
9266,250
9267,739
9268,940
9269,338
9270,255
9271,421
9272,299
9273,394
9274,899
9275,565
9276,102
9277,291
9278,594
9279,920
9280,611
9281,959
9282,632
9283,740
9284,376
9285,908
9286,287
9287,233
9288,235
9289,72
9290,782
9291,862
9292,585
9293,327
9294,618
9295,769
9296,722
9297,944
9298,682
9299,676
9300,125
9301,603
9302,681
9303,823
9304,457
9305,470
9306,864
9307,813
9308,116
9309,425
9310,510
9311,921
9312,174
9313,832
9314,340
9315,513
9316,272
9317,32
9318,176
9319,194
9320,329
9321,132
9322,987
9323,188
9324,719
9325,427
9326,97
9327,266
9328,758
9329,390
9330,997
9331,1000
9332,188
9333,975
9334,215
9335,468
9336,197
9337,400
9338,891
9339,887
9340,433
9341,552
9342,646
9343,725
9344,268
9345,30
9346,367
9347,457
9348,349
9349,475
9350,368
9351,857
9352,807
9353,591
9354,843
9355,970
9356,275
9357,769
9358,794
9359,132
9360,319
9361,973
9362,462
9363,950
9364,563
9365,105
9366,472
9367,53
9368,672
9369,630
9370,493
9371,492
9372,798
9373,808
9374,304
9375,714
9376,900
9377,674
9378,652
9379,192
9380,972
9381,456
9382,570
9383,834
9384,795
9385,645
9386,508
9387,330
9388,924
9389,530
9390,907
9391,158
9392,456
9393,744
9394,457
9395,497
9396,246
9397,80
9398,227
9399,627
9400,594
9401,845
9402,525
9403,586
9404,860
9405,373
9406,311
9407,171
9408,665
9409,925
9410,60
9411,218
9412,506
9413,509
9414,433
9415,872
9416,946
9417,675
9418,834
9419,660
9420,954
9421,731
9422,144
9423,620
9424,951
9425,617
9426,45
9427,425
9428,194
9429,960
9430,717
9431,571
9432,696
9433,753
9434,134
9435,47
9436,501
9437,2
9438,251
9439,179
9440,754
9441,851
9442,746
9443,805
9444,288
9445,209
9446,519
9447,126
9448,727
9449,550
9450,384
9451,31
9452,650
9453,247
9454,948
9455,417
9456,17
9457,87
9458,59
9459,988
9460,233
9461,702
9462,534
9463,484
9464,846
9465,24
9466,697
9467,25
9468,304
9469,314
9470,250
9471,260
9472,621
9473,383
9474,686
9475,679
9476,926
9477,302
9478,410
9479,511
9480,61
9481,591
9482,45
9483,727
9484,779
9485,258
9486,382
9487,946
9488,18
9489,530
9490,956
9491,230
9492,317
9493,843
9494,550
9495,399
9496,479
9497,112
9498,550
9499,547
9500,433
9501,303
9502,22
9503,58
9504,159
9505,336
9506,62
9507,68
9508,516
9509,884
9510,717
9511,981
9512,652
9513,779
9514,630
9515,529
9516,670
9517,621
9518,410
9519,156
9520,40
9521,256
9522,936
9523,132
9524,115
9525,227
9526,109
9527,150
9528,439
9529,283
9530,885
9531,519
9532,559
9533,20
9534,2
9535,136
9536,196
9537,394
9538,791
9539,359
9540,599
9541,473
9542,754
9543,125
9544,761
9545,573
9546,515
9547,601
9548,92
9549,546
9550,433
9551,699
9552,576
9553,925
9554,161
9555,193
9556,957
9557,859
9558,874
9559,285
9560,654
9561,844
9562,693
9563,499
9564,436
9565,351
9566,864
9567,25
9568,505
9569,709
9570,474
9571,529
9572,812
9573,967
9574,276
9575,831
9576,921
9577,335
9578,412
9579,584
9580,567
9581,998
9582,581
9583,245
9584,404
9585,616
9586,249
9587,900
9588,856
9589,241
9590,766
9591,553
9592,607
9593,14
9594,430
9595,114
9596,197
9597,151
9598,276
9599,428
9600,853
9601,64
9602,580
9603,999
9604,946
9605,906
9606,930
9607,474
9608,416
9609,295
9610,877
9611,43
9612,609
9613,51
9614,487
9615,695
9616,508
9617,776
9618,90
9619,226
9620,428
9621,552
9622,495
9623,506
9624,451
9625,715
9626,129
9627,371
9628,87
9629,205
9630,560
9631,112
9632,526
9633,757
9634,894
9635,368
9636,156
9637,314
9638,833
9639,702
9640,121
9641,355
9642,371
9643,867
9644,694
9645,37
9646,314
9647,940
9648,841
9649,798
9650,963
9651,215
9652,81
9653,858
9654,737
9655,785
9656,297
9657,934
9658,691
9659,642
9660,582
9661,979
9662,233
9663,393
9664,917
9665,827
9666,801
9667,740
9668,767
9669,718
9670,84
9671,464
9672,545
9673,381
9674,258
9675,389
9676,748
9677,891
9678,189
9679,759
9680,3
9681,74
9682,16
9683,837
9684,566
9685,245
9686,692
9687,177
9688,808
9689,514
9690,26
9691,779
9692,69
9693,358
9694,216
9695,674
9696,471
9697,817
9698,675
9699,824
9700,385
9701,847
9702,617
9703,718
9704,739
9705,179
9706,455
9707,324
9708,558
9709,45
9710,449
9711,767
9712,582
9713,238
9714,508
9715,922
9716,160
9717,854
9718,914
9719,592
9720,346
9721,888
9722,415
9723,306
9724,706
9725,790
9726,359
9727,585
9728,496
9729,802
9730,981
9731,672
9732,660
9733,207
9734,836
9735,387
9736,398
9737,402
9738,955
9739,362
9740,63
9741,143
9742,150
9743,625
9744,646
9745,480
9746,578
9747,569
9748,629
9749,903
9750,795
9751,135
9752,497
9753,315
9754,53
9755,351
9756,483
9757,742
9758,660
9759,512
9760,406
9761,270
9762,468
9763,720
9764,760
9765,706
9766,294
9767,763
9768,183
9769,738
9770,83
9771,18
9772,828
9773,991
9774,323
9775,243
9776,586
9777,732
9778,286
9779,650
9780,771
9781,493
9782,725
9783,75
9784,88
9785,286
9786,23
9787,607
9788,702
9789,333
9790,636
9791,82
9792,963
9793,272
9794,609
9795,15
9796,965
9797,706
9798,763
9799,61
9800,256
9801,449
9802,887
9803,956
9804,540
9805,108
9806,46
9807,756
9808,712
9809,939
9810,781
9811,970
9812,563
9813,73
9814,670
9815,855
9816,492
9817,961
9818,397
9819,655
9820,948
9821,802
9822,607
9823,992
9824,446
9825,565
9826,591
9827,313
9828,991
9829,997
9830,283
9831,163
9832,676
9833,455
9834,588
9835,578
9836,464
9837,190
9838,757
9839,446
9840,682
9841,669
9842,231
9843,220
9844,920
9845,22
9846,368
9847,368
9848,366
9849,669
9850,310
9851,958
9852,827
9853,439
9854,859
9855,303
9856,934
9857,562
9858,390
9859,201
9860,848
9861,873
9862,150
9863,767
9864,769
9865,707
9866,483
9867,473
9868,675
9869,551
9870,170
9871,327
9872,277
9873,8
9874,599
9875,447
9876,28
9877,614
9878,141
9879,386
9880,431
9881,970
9882,148
9883,729
9884,310
9885,115
9886,935
9887,424
9888,262
9889,770
9890,535
9891,210
9892,216
9893,497
9894,179
9895,275
9896,562
9897,354
9898,835
9899,766
9900,959
9901,726
9902,754
9903,572
9904,16
9905,590
9906,819
9907,1000
9908,939
9909,669
9910,682
9911,872
9912,598
9913,724
9914,132
9915,509
9916,202
9917,575
9918,20
9919,212
9920,683
9921,764
9922,860
9923,794
9924,203
9925,369
9926,622
9927,792
9928,803
9929,784
9930,200
9931,858
9932,335
9933,378
9934,510
9935,381
9936,834
9937,289
9938,917
9939,523
9940,982
9941,115
9942,831
9943,426
9944,813
9945,836
9946,108
9947,629
9948,597
9949,653
9950,747
9951,216
9952,925
9953,39
9954,411
9955,630
9956,73
9957,691
9958,460
9959,948
9960,324
9961,854
9962,292
9963,736
9964,578
9965,951
9966,977
9967,353
9968,522
9969,512
9970,688
9971,209
9972,125
9973,656
9974,590
9975,755
9976,777
9977,727
9978,370
9979,609
9980,699
9981,128
9982,191
9983,882
9984,231
9985,723
9986,179
9987,722
9988,920
9989,611
9990,616
9991,502
9992,260
9993,360
9994,398
9995,203
9996,751
9997,869
9998,486
9999,434
